-- demo-data/seed.sql
-- Generated by demo-data/generate_seed.py — do not edit by hand.
-- Run: python demo-data/generate_seed.py
-- Anchor date: 2026-04-15

BEGIN TRANSACTION;

-- Clear domain tables (safe no-ops on a fresh DB)
DELETE FROM trade_tags;
DELETE FROM trades;
DELETE FROM account_snapshots;
DELETE FROM strategies;
DELETE FROM tags;
DELETE FROM trading_accounts;
DELETE FROM daily_journal;
DELETE FROM budgets;
DELETE FROM transactions;
DELETE FROM sqlite_sequence WHERE name IN
    ('transactions','budgets','trading_accounts','strategies',
     'tags','trades','account_snapshots','daily_journal');

-- 508 transactions
INSERT INTO transactions (monzo_id, date, type, name, emoji, category, amount, currency, is_income) VALUES
    ('demo_tx_000001', '2025-10-15T07:37:00Z', 'Card payment', 'Nando''s', '🍗', 'eating_out', -2784, 'GBP', 0),
    ('demo_tx_000002', '2025-10-15T09:45:00Z', 'Card payment', 'Uber', '🚗', 'transport', -529, 'GBP', 0),
    ('demo_tx_000003', '2025-10-15T14:08:00Z', 'Direct debit', 'Spotify', '🎵', 'entertainment', -1099, 'GBP', 0),
    ('demo_tx_000004', '2025-10-15T14:14:00Z', 'Card payment', 'Franco Manca', '🍕', 'eating_out', -1447, 'GBP', 0),
    ('demo_tx_000005', '2025-10-15T15:15:00Z', 'Direct debit', 'Netflix', '📺', 'entertainment', -1099, 'GBP', 0),
    ('demo_tx_000006', '2025-10-15T18:28:00Z', 'Card payment', 'Co-op', '🛒', 'groceries', -3161, 'GBP', 0),
    ('demo_tx_000007', '2025-10-16T11:46:00Z', 'Card payment', 'Shell', '⛽', 'transport', -4377, 'GBP', 0),
    ('demo_tx_000008', '2025-10-17T08:25:00Z', 'Card payment', 'TfL Travel', '🚇', 'transport', -300, 'GBP', 0),
    ('demo_tx_000009', '2025-10-17T10:42:00Z', 'Card payment', 'Itsu', '🍣', 'eating_out', -893, 'GBP', 0),
    ('demo_tx_000010', '2025-10-17T20:26:00Z', 'Card payment', 'Dishoom', '🍛', 'eating_out', -3951, 'GBP', 0),
    ('demo_tx_000011', '2025-10-18T07:05:00Z', 'Card payment', 'Odeon Cinema', '🎬', 'entertainment', -1103, 'GBP', 0),
    ('demo_tx_000012', '2025-10-18T11:27:00Z', 'Card payment', 'Waitrose', '🛒', 'groceries', -5175, 'GBP', 0),
    ('demo_tx_000013', '2025-10-19T07:35:00Z', 'Faster payment', 'Savings Pot Transfer', '🏦', 'savings', -22623, 'GBP', 0),
    ('demo_tx_000014', '2025-10-19T19:16:00Z', 'Card payment', 'Superdrug', '💊', 'personal_care', -408, 'GBP', 0),
    ('demo_tx_000015', '2025-10-20T08:47:00Z', 'Card payment', 'Uber', '🚗', 'transport', -739, 'GBP', 0),
    ('demo_tx_000016', '2025-10-20T09:37:00Z', 'Direct debit', 'Thames Water', '💧', 'bills', -3209, 'GBP', 0),
    ('demo_tx_000017', '2025-10-20T12:03:00Z', 'Card payment', 'Ticketmaster', '🎫', 'entertainment', -6619, 'GBP', 0),
    ('demo_tx_000018', '2025-10-20T22:09:00Z', 'Card payment', 'Costa Coffee', '☕', 'eating_out', -516, 'GBP', 0),
    ('demo_tx_000019', '2025-10-21T09:43:00Z', 'Card payment', 'Sainsbury''s', '🛒', 'groceries', -1561, 'GBP', 0),
    ('demo_tx_000020', '2025-10-21T14:37:00Z', 'Card payment', 'Dishoom', '🍛', 'eating_out', -2991, 'GBP', 0),
    ('demo_tx_000021', '2025-10-21T15:13:00Z', 'Card payment', 'Trainline', '🚆', 'transport', -8457, 'GBP', 0),
    ('demo_tx_000022', '2025-10-21T20:42:00Z', 'Card payment', 'Pret A Manger', '🥪', 'eating_out', -567, 'GBP', 0),
    ('demo_tx_000023', '2025-10-22T08:01:00Z', 'Direct debit', 'Octopus Energy', '⚡', 'bills', -8864, 'GBP', 0),
    ('demo_tx_000024', '2025-10-22T09:56:00Z', 'Card payment', 'Trainline', '🚆', 'transport', -8016, 'GBP', 0),
    ('demo_tx_000025', '2025-10-22T13:32:00Z', 'Card payment', 'Nando''s', '🍗', 'eating_out', -1700, 'GBP', 0),
    ('demo_tx_000026', '2025-10-22T21:20:00Z', 'Card payment', 'Co-op', '🛒', 'groceries', -1728, 'GBP', 0),
    ('demo_tx_000027', '2025-10-22T21:39:00Z', 'Card payment', 'Nando''s', '🍗', 'eating_out', -1438, 'GBP', 0),
    ('demo_tx_000028', '2025-10-23T10:56:00Z', 'Card payment', 'Pret A Manger', '🥪', 'eating_out', -1013, 'GBP', 0),
    ('demo_tx_000029', '2025-10-23T11:17:00Z', 'Card payment', 'TfL Travel', '🚇', 'transport', -309, 'GBP', 0),
    ('demo_tx_000030', '2025-10-24T08:00:00Z', 'Card payment', 'Dishoom', '🍛', 'eating_out', -3633, 'GBP', 0),
    ('demo_tx_000031', '2025-10-24T08:05:00Z', 'Card payment', 'Franco Manca', '🍕', 'eating_out', -1714, 'GBP', 0),
    ('demo_tx_000032', '2025-10-24T15:10:00Z', 'Card payment', 'Uber', '🚗', 'transport', -3109, 'GBP', 0),
    ('demo_tx_000033', '2025-10-25T09:13:00Z', 'Direct debit', 'Council Tax', '📄', 'bills', -14500, 'GBP', 0),
    ('demo_tx_000034', '2025-10-25T11:34:00Z', 'Card payment', 'Tesco', '🛒', 'groceries', -6460, 'GBP', 0),
    ('demo_tx_000035', '2025-10-25T18:13:00Z', 'Card payment', 'Superdrug', '💊', 'personal_care', -563, 'GBP', 0),
    ('demo_tx_000036', '2025-10-26T20:14:00Z', 'Faster payment', 'Savings Pot Transfer', '🏦', 'savings', -21515, 'GBP', 0),
    ('demo_tx_000037', '2025-10-26T20:39:00Z', 'Card payment', 'Greggs', '🥐', 'eating_out', -773, 'GBP', 0),
    ('demo_tx_000038', '2025-10-27T17:50:00Z', 'Card payment', 'Uber', '🚗', 'transport', -3516, 'GBP', 0),
    ('demo_tx_000039', '2025-10-28T07:47:00Z', 'Faster payment', 'Acme Ltd Payroll', '💼', 'income', 273648, 'GBP', 1),
    ('demo_tx_000040', '2025-10-28T08:54:00Z', 'Card payment', 'Nando''s', '🍗', 'eating_out', -2966, 'GBP', 0),
    ('demo_tx_000041', '2025-10-28T21:22:00Z', 'Card payment', 'Uber', '🚗', 'transport', -3844, 'GBP', 0),
    ('demo_tx_000042', '2025-10-29T10:56:00Z', 'Card payment', 'Greggs', '🥐', 'eating_out', -228, 'GBP', 0),
    ('demo_tx_000043', '2025-10-29T17:17:00Z', 'Card payment', 'Sainsbury''s', '🛒', 'groceries', -4264, 'GBP', 0),
    ('demo_tx_000044', '2025-10-29T19:43:00Z', 'Card payment', 'Costa Coffee', '☕', 'eating_out', -479, 'GBP', 0),
    ('demo_tx_000045', '2025-10-30T13:16:00Z', 'Card payment', 'Nando''s', '🍗', 'eating_out', -2977, 'GBP', 0),
    ('demo_tx_000046', '2025-10-30T13:23:00Z', 'Card payment', 'Shell', '⛽', 'transport', -3506, 'GBP', 0),
    ('demo_tx_000047', '2025-10-30T17:27:00Z', 'Card payment', 'M&S Food', '🛒', 'groceries', -4031, 'GBP', 0),
    ('demo_tx_000048', '2025-10-31T12:39:00Z', 'Card payment', 'Apple', '📱', 'shopping', -17423, 'GBP', 0),
    ('demo_tx_000049', '2025-10-31T16:35:00Z', 'Card payment', 'Shell', '⛽', 'transport', -6355, 'GBP', 0),
    ('demo_tx_000050', '2025-10-31T16:42:00Z', 'Card payment', 'Nando''s', '🍗', 'eating_out', -2630, 'GBP', 0),
    ('demo_tx_000051', '2025-11-01T07:48:00Z', 'Direct debit', 'Property Mgmt', '🏠', 'bills', -110000, 'GBP', 0),
    ('demo_tx_000052', '2025-11-01T17:29:00Z', 'Card payment', 'Itsu', '🍣', 'eating_out', -1580, 'GBP', 0),
    ('demo_tx_000053', '2025-11-02T17:05:00Z', 'Card payment', 'Nando''s', '🍗', 'eating_out', -2562, 'GBP', 0),
    ('demo_tx_000054', '2025-11-03T14:30:00Z', 'Card payment', 'Tesco', '🛒', 'groceries', -1178, 'GBP', 0),
    ('demo_tx_000055', '2025-11-03T19:31:00Z', 'Card payment', 'Uber', '🚗', 'transport', -3442, 'GBP', 0),
    ('demo_tx_000056', '2025-11-03T20:56:00Z', 'Card payment', 'Nando''s', '🍗', 'eating_out', -3265, 'GBP', 0),
    ('demo_tx_000057', '2025-11-04T14:11:00Z', 'Card payment', 'Nando''s', '🍗', 'eating_out', -3141, 'GBP', 0),
    ('demo_tx_000058', '2025-11-04T14:58:00Z', 'Card payment', 'Franco Manca', '🍕', 'eating_out', -1302, 'GBP', 0),
    ('demo_tx_000059', '2025-11-05T08:46:00Z', 'Faster payment', 'Savings Pot Transfer', '🏦', 'savings', -23667, 'GBP', 0),
    ('demo_tx_000060', '2025-11-05T13:47:00Z', 'Card payment', 'Airbnb', '🏡', 'holidays', -16732, 'GBP', 0),
    ('demo_tx_000061', '2025-11-05T15:09:00Z', 'Direct debit', 'PureGym', '🏋️', 'personal_care', -3200, 'GBP', 0),
    ('demo_tx_000062', '2025-11-05T20:53:00Z', 'Card payment', 'Franco Manca', '🍕', 'eating_out', -2454, 'GBP', 0),
    ('demo_tx_000063', '2025-11-06T14:17:00Z', 'Card payment', 'Franco Manca', '🍕', 'eating_out', -2483, 'GBP', 0),
    ('demo_tx_000064', '2025-11-06T15:21:00Z', 'Card payment', 'Trainline', '🚆', 'transport', -2720, 'GBP', 0),
    ('demo_tx_000065', '2025-11-06T15:49:00Z', 'Card payment', 'Sainsbury''s', '🛒', 'groceries', -6223, 'GBP', 0),
    ('demo_tx_000066', '2025-11-07T07:54:00Z', 'Card payment', 'Shell', '⛽', 'transport', -5095, 'GBP', 0),
    ('demo_tx_000067', '2025-11-07T13:04:00Z', 'Card payment', 'Co-op', '🛒', 'groceries', -1125, 'GBP', 0),
    ('demo_tx_000068', '2025-11-07T21:26:00Z', 'Card payment', 'Greggs', '🥐', 'eating_out', -755, 'GBP', 0),
    ('demo_tx_000069', '2025-11-08T07:24:00Z', 'Card payment', 'Shell', '⛽', 'transport', -5489, 'GBP', 0),
    ('demo_tx_000070', '2025-11-08T13:48:00Z', 'Direct debit', 'EE Mobile', '📱', 'bills', -2000, 'GBP', 0),
    ('demo_tx_000071', '2025-11-08T14:31:00Z', 'Card payment', 'Dishoom', '🍛', 'eating_out', -4216, 'GBP', 0),
    ('demo_tx_000072', '2025-11-09T07:58:00Z', 'Card payment', 'M&S Food', '🛒', 'groceries', -2245, 'GBP', 0),
    ('demo_tx_000073', '2025-11-09T20:08:00Z', 'Card payment', 'Pret A Manger', '🥪', 'eating_out', -571, 'GBP', 0),
    ('demo_tx_000074', '2025-11-10T09:30:00Z', 'Card payment', 'Dishoom', '🍛', 'eating_out', -3533, 'GBP', 0),
    ('demo_tx_000075', '2025-11-10T14:12:00Z', 'Card payment', 'Amazon', '📦', 'shopping', -2016, 'GBP', 0),
    ('demo_tx_000076', '2025-11-10T14:41:00Z', 'Card payment', 'TfL Travel', '🚇', 'transport', -558, 'GBP', 0),
    ('demo_tx_000077', '2025-11-10T19:17:00Z', 'Card payment', 'Lidl', '🛒', 'groceries', -3717, 'GBP', 0),
    ('demo_tx_000078', '2025-11-11T10:49:00Z', 'Card payment', 'Greggs', '🥐', 'eating_out', -371, 'GBP', 0),
    ('demo_tx_000079', '2025-11-11T13:29:00Z', 'Card payment', 'M&S Food', '🛒', 'groceries', -2137, 'GBP', 0),
    ('demo_tx_000080', '2025-11-11T19:45:00Z', 'Card payment', 'Superdrug', '💊', 'personal_care', -1937, 'GBP', 0),
    ('demo_tx_000081', '2025-11-12T10:50:00Z', 'Card payment', 'Costa Coffee', '☕', 'eating_out', -735, 'GBP', 0),
    ('demo_tx_000082', '2025-11-12T10:59:00Z', 'Faster payment', 'Savings Pot Transfer', '🏦', 'savings', -30054, 'GBP', 0),
    ('demo_tx_000083', '2025-11-12T14:06:00Z', 'Card payment', 'Waitrose', '🛒', 'groceries', -7157, 'GBP', 0),
    ('demo_tx_000084', '2025-11-13T11:27:00Z', 'Card payment', 'Franco Manca', '🍕', 'eating_out', -2648, 'GBP', 0),
    ('demo_tx_000085', '2025-11-13T17:00:00Z', 'Card payment', 'Waitrose', '🛒', 'groceries', -6804, 'GBP', 0),
    ('demo_tx_000086', '2025-11-13T20:23:00Z', 'Card payment', 'Franco Manca', '🍕', 'eating_out', -1416, 'GBP', 0),
    ('demo_tx_000087', '2025-11-13T22:29:00Z', 'Card payment', 'Trainline', '🚆', 'transport', -5845, 'GBP', 0),
    ('demo_tx_000088', '2025-11-14T19:21:00Z', 'Card payment', 'Franco Manca', '🍕', 'eating_out', -2367, 'GBP', 0),
    ('demo_tx_000089', '2025-11-14T21:15:00Z', 'Card payment', 'Nando''s', '🍗', 'eating_out', -2542, 'GBP', 0),
    ('demo_tx_000090', '2025-11-14T22:13:00Z', 'Card payment', 'Trainline', '🚆', 'transport', -2289, 'GBP', 0),
    ('demo_tx_000091', '2025-11-15T12:44:00Z', 'Direct debit', 'Netflix', '📺', 'entertainment', -1099, 'GBP', 0),
    ('demo_tx_000092', '2025-11-15T13:05:00Z', 'Card payment', 'Pret A Manger', '🥪', 'eating_out', -1458, 'GBP', 0),
    ('demo_tx_000093', '2025-11-15T20:21:00Z', 'Direct debit', 'Spotify', '🎵', 'entertainment', -1099, 'GBP', 0),
    ('demo_tx_000094', '2025-11-15T22:35:00Z', 'Card payment', 'Itsu', '🍣', 'eating_out', -1532, 'GBP', 0),
    ('demo_tx_000095', '2025-11-16T18:30:00Z', 'Card payment', 'Uber', '🚗', 'transport', -1754, 'GBP', 0),
    ('demo_tx_000096', '2025-11-17T10:47:00Z', 'Card payment', 'Uber', '🚗', 'transport', -1792, 'GBP', 0),
    ('demo_tx_000097', '2025-11-17T16:16:00Z', 'Card payment', 'Franco Manca', '🍕', 'eating_out', -1754, 'GBP', 0),
    ('demo_tx_000098', '2025-11-18T11:17:00Z', 'Card payment', 'Costa Coffee', '☕', 'eating_out', -307, 'GBP', 0),
    ('demo_tx_000099', '2025-11-18T16:06:00Z', 'Card payment', 'M&S Food', '🛒', 'groceries', -3465, 'GBP', 0),
    ('demo_tx_000100', '2025-11-18T16:44:00Z', 'Card payment', 'TfL Travel', '🚇', 'transport', -766, 'GBP', 0),
    ('demo_tx_000101', '2025-11-18T18:11:00Z', 'Card payment', 'Costa Coffee', '☕', 'eating_out', -416, 'GBP', 0),
    ('demo_tx_000102', '2025-11-19T08:16:00Z', 'Card payment', 'Greggs', '🥐', 'eating_out', -388, 'GBP', 0),
    ('demo_tx_000103', '2025-11-19T09:35:00Z', 'Faster payment', 'Savings Pot Transfer', '🏦', 'savings', -27403, 'GBP', 0),
    ('demo_tx_000104', '2025-11-19T16:30:00Z', 'Card payment', 'Tesco', '🛒', 'groceries', -5502, 'GBP', 0),
    ('demo_tx_000105', '2025-11-20T08:09:00Z', 'Card payment', 'Co-op', '🛒', 'groceries', -3311, 'GBP', 0),
    ('demo_tx_000106', '2025-11-20T10:05:00Z', 'Direct debit', 'Thames Water', '💧', 'bills', -3689, 'GBP', 0),
    ('demo_tx_000107', '2025-11-20T14:07:00Z', 'Card payment', 'Trainline', '🚆', 'transport', -1497, 'GBP', 0),
    ('demo_tx_000108', '2025-11-21T21:19:00Z', 'Card payment', 'Dishoom', '🍛', 'eating_out', -4345, 'GBP', 0),
    ('demo_tx_000109', '2025-11-22T09:10:00Z', 'Card payment', 'Uber', '🚗', 'transport', -1211, 'GBP', 0),
    ('demo_tx_000110', '2025-11-22T10:22:00Z', 'Direct debit', 'Octopus Energy', '⚡', 'bills', -8778, 'GBP', 0),
    ('demo_tx_000111', '2025-11-22T15:42:00Z', 'Card payment', 'Itsu', '🍣', 'eating_out', -1132, 'GBP', 0),
    ('demo_tx_000112', '2025-11-22T16:44:00Z', 'Card payment', 'Steam', '🎮', 'entertainment', -3695, 'GBP', 0),
    ('demo_tx_000113', '2025-11-22T22:18:00Z', 'Card payment', 'Apple', '📱', 'shopping', -24458, 'GBP', 0),
    ('demo_tx_000114', '2025-11-23T11:04:00Z', 'Card payment', 'Uber', '🚗', 'transport', -1588, 'GBP', 0),
    ('demo_tx_000115', '2025-11-23T13:27:00Z', 'Card payment', 'Sainsbury''s', '🛒', 'groceries', -3167, 'GBP', 0),
    ('demo_tx_000116', '2025-11-23T16:28:00Z', 'Card payment', 'Uniqlo', '🛍️', 'shopping', -6374, 'GBP', 0),
    ('demo_tx_000117', '2025-11-24T07:48:00Z', 'Card payment', 'TfL Travel', '🚇', 'transport', -434, 'GBP', 0),
    ('demo_tx_000118', '2025-11-24T09:38:00Z', 'Card payment', 'Franco Manca', '🍕', 'eating_out', -2096, 'GBP', 0),
    ('demo_tx_000119', '2025-11-24T17:38:00Z', 'Card payment', 'Pret A Manger', '🥪', 'eating_out', -1284, 'GBP', 0),
    ('demo_tx_000120', '2025-11-24T21:58:00Z', 'Card payment', 'Boots', '💊', 'personal_care', -2427, 'GBP', 0),
    ('demo_tx_000121', '2025-11-25T17:42:00Z', 'Card payment', 'Dishoom', '🍛', 'eating_out', -3865, 'GBP', 0),
    ('demo_tx_000122', '2025-11-25T18:38:00Z', 'Direct debit', 'Council Tax', '📄', 'bills', -14500, 'GBP', 0),
    ('demo_tx_000123', '2025-11-25T20:44:00Z', 'Card payment', 'Uber', '🚗', 'transport', -1850, 'GBP', 0),
    ('demo_tx_000124', '2025-11-25T22:05:00Z', 'Card payment', 'Waitrose', '🛒', 'groceries', -5070, 'GBP', 0),
    ('demo_tx_000125', '2025-11-26T10:49:00Z', 'Card payment', 'Trainline', '🚆', 'transport', -3448, 'GBP', 0),
    ('demo_tx_000126', '2025-11-26T18:36:00Z', 'Faster payment', 'Savings Pot Transfer', '🏦', 'savings', -24606, 'GBP', 0),
    ('demo_tx_000127', '2025-11-27T11:59:00Z', 'Card payment', 'Uniqlo', '🛍️', 'shopping', -5999, 'GBP', 0),
    ('demo_tx_000128', '2025-11-27T13:33:00Z', 'Card payment', 'Dishoom', '🍛', 'eating_out', -2722, 'GBP', 0),
    ('demo_tx_000129', '2025-11-27T21:48:00Z', 'Card payment', 'Shell', '⛽', 'transport', -6061, 'GBP', 0),
    ('demo_tx_000130', '2025-11-28T14:45:00Z', 'Card payment', 'Tesco', '🛒', 'groceries', -5961, 'GBP', 0),
    ('demo_tx_000131', '2025-11-28T14:53:00Z', 'Card payment', 'Shell', '⛽', 'transport', -3881, 'GBP', 0),
    ('demo_tx_000132', '2025-11-28T15:51:00Z', 'Faster payment', 'Acme Ltd Payroll', '💼', 'income', 284719, 'GBP', 1),
    ('demo_tx_000133', '2025-11-29T15:26:00Z', 'Card payment', 'Costa Coffee', '☕', 'eating_out', -560, 'GBP', 0),
    ('demo_tx_000134', '2025-11-30T11:55:00Z', 'Card payment', 'Waitrose', '🛒', 'groceries', -5663, 'GBP', 0),
    ('demo_tx_000135', '2025-12-01T14:49:00Z', 'Direct debit', 'Property Mgmt', '🏠', 'bills', -110000, 'GBP', 0),
    ('demo_tx_000136', '2025-12-01T16:53:00Z', 'Card payment', 'Tesco', '🛒', 'groceries', -3117, 'GBP', 0),
    ('demo_tx_000137', '2025-12-01T19:29:00Z', 'Card payment', 'Trainline', '🚆', 'transport', -5321, 'GBP', 0),
    ('demo_tx_000138', '2025-12-01T21:34:00Z', 'Card payment', 'Franco Manca', '🍕', 'eating_out', -1504, 'GBP', 0),
    ('demo_tx_000139', '2025-12-02T19:24:00Z', 'Card payment', 'Franco Manca', '🍕', 'eating_out', -2644, 'GBP', 0),
    ('demo_tx_000140', '2025-12-02T20:02:00Z', 'Card payment', 'M&S Food', '🛒', 'groceries', -3113, 'GBP', 0),
    ('demo_tx_000141', '2025-12-04T11:26:00Z', 'Card payment', 'M&S Food', '🛒', 'groceries', -1325, 'GBP', 0),
    ('demo_tx_000142', '2025-12-04T19:20:00Z', 'Card payment', 'Trainline', '🚆', 'transport', -7782, 'GBP', 0),
    ('demo_tx_000143', '2025-12-04T19:41:00Z', 'Card payment', 'Costa Coffee', '☕', 'eating_out', -473, 'GBP', 0),
    ('demo_tx_000144', '2025-12-04T22:50:00Z', 'Card payment', 'Wagamama', '🍜', 'eating_out', -1806, 'GBP', 0),
    ('demo_tx_000145', '2025-12-05T09:38:00Z', 'Faster payment', 'Savings Pot Transfer', '🏦', 'savings', -37398, 'GBP', 0),
    ('demo_tx_000146', '2025-12-05T10:24:00Z', 'Direct debit', 'PureGym', '🏋️', 'personal_care', -3200, 'GBP', 0),
    ('demo_tx_000147', '2025-12-05T14:47:00Z', 'Card payment', 'Itsu', '🍣', 'eating_out', -1288, 'GBP', 0),
    ('demo_tx_000148', '2025-12-05T18:23:00Z', 'Card payment', 'Boots', '💊', 'personal_care', -1701, 'GBP', 0),
    ('demo_tx_000149', '2025-12-05T21:10:00Z', 'Card payment', 'TfL Travel', '🚇', 'transport', -302, 'GBP', 0),
    ('demo_tx_000150', '2025-12-06T12:05:00Z', 'Card payment', 'Wagamama', '🍜', 'eating_out', -2196, 'GBP', 0),
    ('demo_tx_000151', '2025-12-06T20:36:00Z', 'Card payment', 'Sainsbury''s', '🛒', 'groceries', -5351, 'GBP', 0),
    ('demo_tx_000152', '2025-12-07T15:42:00Z', 'Card payment', 'Costa Coffee', '☕', 'eating_out', -535, 'GBP', 0),
    ('demo_tx_000153', '2025-12-07T16:40:00Z', 'Card payment', 'Steam', '🎮', 'entertainment', -3206, 'GBP', 0),
    ('demo_tx_000154', '2025-12-07T16:43:00Z', 'Card payment', 'Shell', '⛽', 'transport', -7191, 'GBP', 0),
    ('demo_tx_000155', '2025-12-08T15:00:00Z', 'Card payment', 'Toni & Guy', '✂️', 'personal_care', -4121, 'GBP', 0),
    ('demo_tx_000156', '2025-12-08T15:29:00Z', 'Direct debit', 'EE Mobile', '📱', 'bills', -2000, 'GBP', 0),
    ('demo_tx_000157', '2025-12-08T18:36:00Z', 'Card payment', 'Uber', '🚗', 'transport', -2062, 'GBP', 0),
    ('demo_tx_000158', '2025-12-08T19:54:00Z', 'Card payment', 'Costa Coffee', '☕', 'eating_out', -401, 'GBP', 0),
    ('demo_tx_000159', '2025-12-09T16:49:00Z', 'Card payment', 'Pret A Manger', '🥪', 'eating_out', -1417, 'GBP', 0),
    ('demo_tx_000160', '2025-12-10T08:19:00Z', 'Card payment', 'Wagamama', '🍜', 'eating_out', -1897, 'GBP', 0),
    ('demo_tx_000161', '2025-12-10T11:05:00Z', 'Card payment', 'Uniqlo', '🛍️', 'shopping', -7499, 'GBP', 0),
    ('demo_tx_000162', '2025-12-11T12:16:00Z', 'Card payment', 'Costa Coffee', '☕', 'eating_out', -725, 'GBP', 0),
    ('demo_tx_000163', '2025-12-11T18:33:00Z', 'Card payment', 'Sainsbury''s', '🛒', 'groceries', -2082, 'GBP', 0),
    ('demo_tx_000164', '2025-12-12T11:48:00Z', 'Card payment', 'Franco Manca', '🍕', 'eating_out', -1354, 'GBP', 0),
    ('demo_tx_000165', '2025-12-12T12:34:00Z', 'Faster payment', 'Savings Pot Transfer', '🏦', 'savings', -35806, 'GBP', 0),
    ('demo_tx_000166', '2025-12-12T18:05:00Z', 'Card payment', 'Itsu', '🍣', 'eating_out', -1513, 'GBP', 0),
    ('demo_tx_000167', '2025-12-12T21:23:00Z', 'Card payment', 'John Lewis', '🛍️', 'shopping', -6549, 'GBP', 0),
    ('demo_tx_000168', '2025-12-13T14:30:00Z', 'Card payment', 'Greggs', '🥐', 'eating_out', -310, 'GBP', 0),
    ('demo_tx_000169', '2025-12-13T14:41:00Z', 'Card payment', 'Pret A Manger', '🥪', 'eating_out', -1071, 'GBP', 0),
    ('demo_tx_000170', '2025-12-13T16:41:00Z', 'Card payment', 'Shell', '⛽', 'transport', -7224, 'GBP', 0),
    ('demo_tx_000171', '2025-12-14T10:15:00Z', 'Card payment', 'M&S Food', '🛒', 'groceries', -2151, 'GBP', 0),
    ('demo_tx_000172', '2025-12-14T11:56:00Z', 'Card payment', 'Dishoom', '🍛', 'eating_out', -4905, 'GBP', 0),
    ('demo_tx_000173', '2025-12-14T15:02:00Z', 'Card payment', 'Apple', '📱', 'shopping', -18373, 'GBP', 0),
    ('demo_tx_000174', '2025-12-14T21:23:00Z', 'Card payment', 'Wagamama', '🍜', 'eating_out', -3091, 'GBP', 0),
    ('demo_tx_000175', '2025-12-15T09:42:00Z', 'Card payment', 'TfL Travel', '🚇', 'transport', -665, 'GBP', 0),
    ('demo_tx_000176', '2025-12-15T10:43:00Z', 'Card payment', 'Sainsbury''s', '🛒', 'groceries', -3971, 'GBP', 0),
    ('demo_tx_000177', '2025-12-15T14:55:00Z', 'Direct debit', 'Spotify', '🎵', 'entertainment', -1099, 'GBP', 0),
    ('demo_tx_000178', '2025-12-15T16:05:00Z', 'Direct debit', 'Netflix', '📺', 'entertainment', -1099, 'GBP', 0),
    ('demo_tx_000179', '2025-12-15T19:17:00Z', 'Card payment', 'Greggs', '🥐', 'eating_out', -262, 'GBP', 0),
    ('demo_tx_000180', '2025-12-16T11:50:00Z', 'Card payment', 'Lidl', '🛒', 'groceries', -1597, 'GBP', 0),
    ('demo_tx_000181', '2025-12-16T13:52:00Z', 'Card payment', 'Nando''s', '🍗', 'eating_out', -2248, 'GBP', 0),
    ('demo_tx_000182', '2025-12-17T14:37:00Z', 'Card payment', 'Amazon', '📦', 'shopping', -12738, 'GBP', 0),
    ('demo_tx_000183', '2025-12-17T15:51:00Z', 'Card payment', 'Sainsbury''s', '🛒', 'groceries', -2064, 'GBP', 0),
    ('demo_tx_000184', '2025-12-18T10:28:00Z', 'Card payment', 'Trainline', '🚆', 'transport', -5004, 'GBP', 0),
    ('demo_tx_000185', '2025-12-18T10:47:00Z', 'Card payment', 'Co-op', '🛒', 'groceries', -2224, 'GBP', 0),
    ('demo_tx_000186', '2025-12-18T16:29:00Z', 'Card payment', 'Toni & Guy', '✂️', 'personal_care', -4635, 'GBP', 0),
    ('demo_tx_000187', '2025-12-19T14:10:00Z', 'Faster payment', 'Savings Pot Transfer', '🏦', 'savings', -38892, 'GBP', 0),
    ('demo_tx_000188', '2025-12-20T11:04:00Z', 'Card payment', 'Nando''s', '🍗', 'eating_out', -2719, 'GBP', 0),
    ('demo_tx_000189', '2025-12-20T12:23:00Z', 'Direct debit', 'Thames Water', '💧', 'bills', -3747, 'GBP', 0),
    ('demo_tx_000190', '2025-12-20T16:29:00Z', 'Card payment', 'Trainline', '🚆', 'transport', -3920, 'GBP', 0),
    ('demo_tx_000191', '2025-12-21T13:27:00Z', 'Card payment', 'Co-op', '🛒', 'groceries', -3166, 'GBP', 0),
    ('demo_tx_000192', '2025-12-21T17:52:00Z', 'Card payment', 'Itsu', '🍣', 'eating_out', -1547, 'GBP', 0),
    ('demo_tx_000193', '2025-12-22T09:05:00Z', 'Card payment', 'Wagamama', '🍜', 'eating_out', -3442, 'GBP', 0),
    ('demo_tx_000194', '2025-12-22T10:26:00Z', 'Card payment', 'Steam', '🎮', 'entertainment', -3544, 'GBP', 0),
    ('demo_tx_000195', '2025-12-22T11:35:00Z', 'Card payment', 'Amazon', '📦', 'shopping', -13210, 'GBP', 0),
    ('demo_tx_000196', '2025-12-22T13:42:00Z', 'Direct debit', 'Octopus Energy', '⚡', 'bills', -8727, 'GBP', 0),
    ('demo_tx_000197', '2025-12-23T16:22:00Z', 'Card payment', 'Pret A Manger', '🥪', 'eating_out', -989, 'GBP', 0),
    ('demo_tx_000198', '2025-12-23T22:14:00Z', 'Card payment', 'Uber', '🚗', 'transport', -1133, 'GBP', 0),
    ('demo_tx_000199', '2025-12-24T07:11:00Z', 'Card payment', 'Pret A Manger', '🥪', 'eating_out', -947, 'GBP', 0),
    ('demo_tx_000200', '2025-12-24T14:51:00Z', 'Card payment', 'Lidl', '🛒', 'groceries', -2951, 'GBP', 0),
    ('demo_tx_000201', '2025-12-24T17:22:00Z', 'Card payment', 'Trainline', '🚆', 'transport', -8349, 'GBP', 0),
    ('demo_tx_000202', '2025-12-24T19:04:00Z', 'Card payment', 'Zara', '🛍️', 'shopping', -11278, 'GBP', 0),
    ('demo_tx_000203', '2025-12-25T13:24:00Z', 'Card payment', 'Co-op', '🛒', 'groceries', -2672, 'GBP', 0),
    ('demo_tx_000204', '2025-12-25T15:44:00Z', 'Direct debit', 'Council Tax', '📄', 'bills', -14500, 'GBP', 0),
    ('demo_tx_000205', '2025-12-25T18:19:00Z', 'Card payment', 'Greggs', '🥐', 'eating_out', -361, 'GBP', 0),
    ('demo_tx_000206', '2025-12-26T08:43:00Z', 'Card payment', 'Sainsbury''s', '🛒', 'groceries', -6061, 'GBP', 0),
    ('demo_tx_000207', '2025-12-26T19:17:00Z', 'Faster payment', 'Savings Pot Transfer', '🏦', 'savings', -30147, 'GBP', 0),
    ('demo_tx_000208', '2025-12-26T21:26:00Z', 'Card payment', 'Shell', '⛽', 'transport', -5489, 'GBP', 0),
    ('demo_tx_000209', '2025-12-27T13:49:00Z', 'Card payment', 'Uber', '🚗', 'transport', -1734, 'GBP', 0),
    ('demo_tx_000210', '2025-12-27T19:38:00Z', 'Card payment', 'Pret A Manger', '🥪', 'eating_out', -851, 'GBP', 0),
    ('demo_tx_000211', '2025-12-27T22:33:00Z', 'Card payment', 'Lidl', '🛒', 'groceries', -3377, 'GBP', 0),
    ('demo_tx_000212', '2025-12-28T09:02:00Z', 'Faster payment', 'Acme Ltd Payroll', '💼', 'income', 276300, 'GBP', 1),
    ('demo_tx_000213', '2025-12-28T12:08:00Z', 'Card payment', 'Co-op', '🛒', 'groceries', -2263, 'GBP', 0),
    ('demo_tx_000214', '2025-12-28T18:04:00Z', 'Card payment', 'Itsu', '🍣', 'eating_out', -1724, 'GBP', 0),
    ('demo_tx_000215', '2025-12-29T10:25:00Z', 'Card payment', 'Dishoom', '🍛', 'eating_out', -3685, 'GBP', 0),
    ('demo_tx_000216', '2025-12-29T20:36:00Z', 'Card payment', 'Lidl', '🛒', 'groceries', -2958, 'GBP', 0),
    ('demo_tx_000217', '2025-12-29T21:53:00Z', 'Card payment', 'Trainline', '🚆', 'transport', -2207, 'GBP', 0),
    ('demo_tx_000218', '2025-12-30T09:25:00Z', 'Card payment', 'M&S Food', '🛒', 'groceries', -4480, 'GBP', 0),
    ('demo_tx_000219', '2025-12-30T10:33:00Z', 'Card payment', 'Wagamama', '🍜', 'eating_out', -1812, 'GBP', 0),
    ('demo_tx_000220', '2025-12-30T11:15:00Z', 'Card payment', 'Trainline', '🚆', 'transport', -3676, 'GBP', 0),
    ('demo_tx_000221', '2025-12-30T12:38:00Z', 'Card payment', 'Uniqlo', '🛍️', 'shopping', -3116, 'GBP', 0),
    ('demo_tx_000222', '2025-12-30T17:49:00Z', 'Card payment', 'Greggs', '🥐', 'eating_out', -426, 'GBP', 0),
    ('demo_tx_000223', '2025-12-31T17:55:00Z', 'Card payment', 'Franco Manca', '🍕', 'eating_out', -2594, 'GBP', 0),
    ('demo_tx_000224', '2025-12-31T21:48:00Z', 'Card payment', 'Co-op', '🛒', 'groceries', -2523, 'GBP', 0),
    ('demo_tx_000225', '2026-01-01T09:19:00Z', 'Card payment', 'Pret A Manger', '🥪', 'eating_out', -1120, 'GBP', 0),
    ('demo_tx_000226', '2026-01-01T17:53:00Z', 'Direct debit', 'Property Mgmt', '🏠', 'bills', -110000, 'GBP', 0),
    ('demo_tx_000227', '2026-01-01T18:53:00Z', 'Card payment', 'TfL Travel', '🚇', 'transport', -258, 'GBP', 0),
    ('demo_tx_000228', '2026-01-02T13:20:00Z', 'Card payment', 'Pret A Manger', '🥪', 'eating_out', -1321, 'GBP', 0),
    ('demo_tx_000229', '2026-01-02T19:29:00Z', 'Card payment', 'Waitrose', '🛒', 'groceries', -5653, 'GBP', 0),
    ('demo_tx_000230', '2026-01-02T21:06:00Z', 'Card payment', 'Uber', '🚗', 'transport', -753, 'GBP', 0),
    ('demo_tx_000231', '2026-01-03T08:15:00Z', 'Card payment', 'Co-op', '🛒', 'groceries', -1206, 'GBP', 0),
    ('demo_tx_000232', '2026-01-03T12:23:00Z', 'Card payment', 'Franco Manca', '🍕', 'eating_out', -2273, 'GBP', 0),
    ('demo_tx_000233', '2026-01-04T17:06:00Z', 'Card payment', 'Greggs', '🥐', 'eating_out', -267, 'GBP', 0),
    ('demo_tx_000234', '2026-01-05T09:37:00Z', 'Card payment', 'Wagamama', '🍜', 'eating_out', -2865, 'GBP', 0),
    ('demo_tx_000235', '2026-01-05T11:15:00Z', 'Faster payment', 'Savings Pot Transfer', '🏦', 'savings', -23679, 'GBP', 0),
    ('demo_tx_000236', '2026-01-05T17:25:00Z', 'Direct debit', 'PureGym', '🏋️', 'personal_care', -3200, 'GBP', 0),
    ('demo_tx_000237', '2026-01-06T17:52:00Z', 'Card payment', 'John Lewis', '🛍️', 'shopping', -14843, 'GBP', 0),
    ('demo_tx_000238', '2026-01-07T12:13:00Z', 'Card payment', 'Greggs', '🥐', 'eating_out', -516, 'GBP', 0),
    ('demo_tx_000239', '2026-01-07T14:08:00Z', 'Card payment', 'Shell', '⛽', 'transport', -4286, 'GBP', 0),
    ('demo_tx_000240', '2026-01-07T18:01:00Z', 'Card payment', 'Nando''s', '🍗', 'eating_out', -3134, 'GBP', 0),
    ('demo_tx_000241', '2026-01-08T11:38:00Z', 'Card payment', 'Pret A Manger', '🥪', 'eating_out', -1089, 'GBP', 0),
    ('demo_tx_000242', '2026-01-08T12:46:00Z', 'Card payment', 'Uber', '🚗', 'transport', -1240, 'GBP', 0),
    ('demo_tx_000243', '2026-01-08T15:04:00Z', 'Direct debit', 'EE Mobile', '📱', 'bills', -2000, 'GBP', 0),
    ('demo_tx_000244', '2026-01-09T21:14:00Z', 'Card payment', 'M&S Food', '🛒', 'groceries', -3534, 'GBP', 0),
    ('demo_tx_000245', '2026-01-09T22:57:00Z', 'Card payment', 'Costa Coffee', '☕', 'eating_out', -794, 'GBP', 0),
    ('demo_tx_000246', '2026-01-10T11:55:00Z', 'Card payment', 'Wagamama', '🍜', 'eating_out', -2317, 'GBP', 0),
    ('demo_tx_000247', '2026-01-10T19:32:00Z', 'Card payment', 'Lidl', '🛒', 'groceries', -3787, 'GBP', 0),
    ('demo_tx_000248', '2026-01-11T11:53:00Z', 'Card payment', 'Costa Coffee', '☕', 'eating_out', -530, 'GBP', 0),
    ('demo_tx_000249', '2026-01-11T16:05:00Z', 'Card payment', 'Waitrose', '🛒', 'groceries', -2521, 'GBP', 0),
    ('demo_tx_000250', '2026-01-12T08:25:00Z', 'Card payment', 'Tesco', '🛒', 'groceries', -4198, 'GBP', 0),
    ('demo_tx_000251', '2026-01-12T09:23:00Z', 'Card payment', 'Itsu', '🍣', 'eating_out', -1490, 'GBP', 0),
    ('demo_tx_000252', '2026-01-12T10:53:00Z', 'Card payment', 'Trainline', '🚆', 'transport', -8425, 'GBP', 0),
    ('demo_tx_000253', '2026-01-12T15:47:00Z', 'Faster payment', 'Savings Pot Transfer', '🏦', 'savings', -39411, 'GBP', 0),
    ('demo_tx_000254', '2026-01-13T15:13:00Z', 'Card payment', 'Nando''s', '🍗', 'eating_out', -1477, 'GBP', 0),
    ('demo_tx_000255', '2026-01-13T22:28:00Z', 'Card payment', 'M&S Food', '🛒', 'groceries', -2336, 'GBP', 0),
    ('demo_tx_000256', '2026-01-14T10:53:00Z', 'Card payment', 'Shell', '⛽', 'transport', -3757, 'GBP', 0),
    ('demo_tx_000257', '2026-01-14T14:45:00Z', 'Card payment', 'Toni & Guy', '✂️', 'personal_care', -4855, 'GBP', 0),
    ('demo_tx_000258', '2026-01-14T16:07:00Z', 'Card payment', 'Lidl', '🛒', 'groceries', -1573, 'GBP', 0),
    ('demo_tx_000259', '2026-01-15T08:14:00Z', 'Direct debit', 'Netflix', '📺', 'entertainment', -1099, 'GBP', 0),
    ('demo_tx_000260', '2026-01-15T08:51:00Z', 'Direct debit', 'Spotify', '🎵', 'entertainment', -1099, 'GBP', 0),
    ('demo_tx_000261', '2026-01-15T18:04:00Z', 'Card payment', 'Wagamama', '🍜', 'eating_out', -1850, 'GBP', 0),
    ('demo_tx_000262', '2026-01-15T18:15:00Z', 'Card payment', 'M&S Food', '🛒', 'groceries', -1212, 'GBP', 0),
    ('demo_tx_000263', '2026-01-16T09:22:00Z', 'Card payment', 'Pret A Manger', '🥪', 'eating_out', -1131, 'GBP', 0),
    ('demo_tx_000264', '2026-01-16T12:53:00Z', 'Card payment', 'John Lewis', '🛍️', 'shopping', -13593, 'GBP', 0),
    ('demo_tx_000265', '2026-01-16T17:08:00Z', 'Card payment', 'TfL Travel', '🚇', 'transport', -795, 'GBP', 0),
    ('demo_tx_000266', '2026-01-16T19:23:00Z', 'Card payment', 'M&S Food', '🛒', 'groceries', -1556, 'GBP', 0),
    ('demo_tx_000267', '2026-01-17T17:59:00Z', 'Card payment', 'Zara', '🛍️', 'shopping', -2686, 'GBP', 0),
    ('demo_tx_000268', '2026-01-17T21:02:00Z', 'Card payment', 'Wagamama', '🍜', 'eating_out', -1758, 'GBP', 0),
    ('demo_tx_000269', '2026-01-18T10:51:00Z', 'Card payment', 'Uniqlo', '🛍️', 'shopping', -3738, 'GBP', 0),
    ('demo_tx_000270', '2026-01-18T16:22:00Z', 'Card payment', 'Pret A Manger', '🥪', 'eating_out', -791, 'GBP', 0),
    ('demo_tx_000271', '2026-01-19T12:31:00Z', 'Card payment', 'Dishoom', '🍛', 'eating_out', -3888, 'GBP', 0),
    ('demo_tx_000272', '2026-01-19T15:51:00Z', 'Card payment', 'Franco Manca', '🍕', 'eating_out', -1952, 'GBP', 0),
    ('demo_tx_000273', '2026-01-19T20:38:00Z', 'Card payment', 'Shell', '⛽', 'transport', -3823, 'GBP', 0),
    ('demo_tx_000274', '2026-01-19T20:57:00Z', 'Faster payment', 'Savings Pot Transfer', '🏦', 'savings', -34155, 'GBP', 0),
    ('demo_tx_000275', '2026-01-20T16:19:00Z', 'Card payment', 'Lidl', '🛒', 'groceries', -3307, 'GBP', 0),
    ('demo_tx_000276', '2026-01-20T17:13:00Z', 'Direct debit', 'Thames Water', '💧', 'bills', -3432, 'GBP', 0),
    ('demo_tx_000277', '2026-01-20T19:23:00Z', 'Card payment', 'Toni & Guy', '✂️', 'personal_care', -5111, 'GBP', 0),
    ('demo_tx_000278', '2026-01-20T20:17:00Z', 'Card payment', 'Trainline', '🚆', 'transport', -5836, 'GBP', 0),
    ('demo_tx_000279', '2026-01-20T21:22:00Z', 'Card payment', 'Dishoom', '🍛', 'eating_out', -3182, 'GBP', 0),
    ('demo_tx_000280', '2026-01-21T11:04:00Z', 'Card payment', 'Shell', '⛽', 'transport', -3642, 'GBP', 0),
    ('demo_tx_000281', '2026-01-21T11:54:00Z', 'Card payment', 'Wagamama', '🍜', 'eating_out', -1627, 'GBP', 0),
    ('demo_tx_000282', '2026-01-22T18:23:00Z', 'Card payment', 'Shell', '⛽', 'transport', -7386, 'GBP', 0),
    ('demo_tx_000283', '2026-01-22T18:25:00Z', 'Card payment', 'Vue Cinema', '🎬', 'entertainment', -1984, 'GBP', 0),
    ('demo_tx_000284', '2026-01-22T19:56:00Z', 'Direct debit', 'Octopus Energy', '⚡', 'bills', -9022, 'GBP', 0),
    ('demo_tx_000285', '2026-01-23T12:31:00Z', 'Card payment', 'Tesco', '🛒', 'groceries', -1012, 'GBP', 0),
    ('demo_tx_000286', '2026-01-23T12:57:00Z', 'Card payment', 'Amazon', '📦', 'shopping', -15812, 'GBP', 0),
    ('demo_tx_000287', '2026-01-23T15:45:00Z', 'Card payment', 'Nando''s', '🍗', 'eating_out', -2472, 'GBP', 0),
    ('demo_tx_000288', '2026-01-23T22:12:00Z', 'Card payment', 'Trainline', '🚆', 'transport', -6485, 'GBP', 0),
    ('demo_tx_000289', '2026-01-24T09:35:00Z', 'Card payment', 'Greggs', '🥐', 'eating_out', -555, 'GBP', 0),
    ('demo_tx_000290', '2026-01-24T16:54:00Z', 'Card payment', 'Costa Coffee', '☕', 'eating_out', -756, 'GBP', 0),
    ('demo_tx_000291', '2026-01-24T18:32:00Z', 'Card payment', 'Uber', '🚗', 'transport', -3750, 'GBP', 0),
    ('demo_tx_000292', '2026-01-25T11:39:00Z', 'Card payment', 'Franco Manca', '🍕', 'eating_out', -2329, 'GBP', 0),
    ('demo_tx_000293', '2026-01-25T18:35:00Z', 'Card payment', 'M&S Food', '🛒', 'groceries', -1415, 'GBP', 0),
    ('demo_tx_000294', '2026-01-25T20:49:00Z', 'Card payment', 'Apple', '📱', 'shopping', -20684, 'GBP', 0),
    ('demo_tx_000295', '2026-01-25T21:09:00Z', 'Direct debit', 'Council Tax', '📄', 'bills', -14500, 'GBP', 0),
    ('demo_tx_000296', '2026-01-26T09:28:00Z', 'Card payment', 'Lidl', '🛒', 'groceries', -3231, 'GBP', 0),
    ('demo_tx_000297', '2026-01-26T11:19:00Z', 'Card payment', 'Boots', '💊', 'personal_care', -2622, 'GBP', 0),
    ('demo_tx_000298', '2026-01-26T12:49:00Z', 'Card payment', 'Greggs', '🥐', 'eating_out', -331, 'GBP', 0),
    ('demo_tx_000299', '2026-01-26T19:23:00Z', 'Faster payment', 'Savings Pot Transfer', '🏦', 'savings', -34121, 'GBP', 0),
    ('demo_tx_000300', '2026-01-27T09:16:00Z', 'Card payment', 'Costa Coffee', '☕', 'eating_out', -733, 'GBP', 0),
    ('demo_tx_000301', '2026-01-27T11:40:00Z', 'Card payment', 'Itsu', '🍣', 'eating_out', -1262, 'GBP', 0),
    ('demo_tx_000302', '2026-01-27T12:37:00Z', 'Card payment', 'TfL Travel', '🚇', 'transport', -714, 'GBP', 0),
    ('demo_tx_000303', '2026-01-27T14:22:00Z', 'Card payment', 'Lidl', '🛒', 'groceries', -4428, 'GBP', 0),
    ('demo_tx_000304', '2026-01-28T09:02:00Z', 'Card payment', 'Pret A Manger', '🥪', 'eating_out', -458, 'GBP', 0),
    ('demo_tx_000305', '2026-01-28T14:43:00Z', 'Faster payment', 'Acme Ltd Payroll', '💼', 'income', 288250, 'GBP', 1),
    ('demo_tx_000306', '2026-01-29T16:41:00Z', 'Card payment', 'Pret A Manger', '🥪', 'eating_out', -1419, 'GBP', 0),
    ('demo_tx_000307', '2026-01-30T08:10:00Z', 'Card payment', 'Tesco', '🛒', 'groceries', -6441, 'GBP', 0),
    ('demo_tx_000308', '2026-01-30T13:21:00Z', 'Card payment', 'Franco Manca', '🍕', 'eating_out', -2151, 'GBP', 0),
    ('demo_tx_000309', '2026-01-30T17:46:00Z', 'Card payment', 'Trainline', '🚆', 'transport', -7857, 'GBP', 0),
    ('demo_tx_000310', '2026-01-31T11:06:00Z', 'Card payment', 'Shell', '⛽', 'transport', -4515, 'GBP', 0),
    ('demo_tx_000311', '2026-01-31T14:29:00Z', 'Card payment', 'Nando''s', '🍗', 'eating_out', -2707, 'GBP', 0),
    ('demo_tx_000312', '2026-01-31T14:55:00Z', 'Card payment', 'Apple', '📱', 'shopping', -18701, 'GBP', 0),
    ('demo_tx_000313', '2026-02-01T22:05:00Z', 'Direct debit', 'Property Mgmt', '🏠', 'bills', -110000, 'GBP', 0),
    ('demo_tx_000314', '2026-02-01T22:32:00Z', 'Card payment', 'Itsu', '🍣', 'eating_out', -1026, 'GBP', 0),
    ('demo_tx_000315', '2026-02-02T13:37:00Z', 'Card payment', 'M&S Food', '🛒', 'groceries', -3172, 'GBP', 0),
    ('demo_tx_000316', '2026-02-02T22:38:00Z', 'Card payment', 'Pret A Manger', '🥪', 'eating_out', -976, 'GBP', 0),
    ('demo_tx_000317', '2026-02-03T08:36:00Z', 'Card payment', 'TfL Travel', '🚇', 'transport', -610, 'GBP', 0),
    ('demo_tx_000318', '2026-02-03T18:48:00Z', 'Card payment', 'Costa Coffee', '☕', 'eating_out', -672, 'GBP', 0),
    ('demo_tx_000319', '2026-02-04T08:08:00Z', 'Card payment', 'TfL Travel', '🚇', 'transport', -246, 'GBP', 0),
    ('demo_tx_000320', '2026-02-04T10:08:00Z', 'Card payment', 'M&S Food', '🛒', 'groceries', -3491, 'GBP', 0),
    ('demo_tx_000321', '2026-02-04T13:38:00Z', 'Card payment', 'Greggs', '🥐', 'eating_out', -347, 'GBP', 0),
    ('demo_tx_000322', '2026-02-04T17:35:00Z', 'Card payment', 'Dishoom', '🍛', 'eating_out', -4028, 'GBP', 0),
    ('demo_tx_000323', '2026-02-05T10:43:00Z', 'Faster payment', 'Savings Pot Transfer', '🏦', 'savings', -15376, 'GBP', 0),
    ('demo_tx_000324', '2026-02-05T12:50:00Z', 'Direct debit', 'PureGym', '🏋️', 'personal_care', -3200, 'GBP', 0),
    ('demo_tx_000325', '2026-02-05T16:30:00Z', 'Card payment', 'Shell', '⛽', 'transport', -6402, 'GBP', 0),
    ('demo_tx_000326', '2026-02-05T16:37:00Z', 'Card payment', 'Wagamama', '🍜', 'eating_out', -3109, 'GBP', 0),
    ('demo_tx_000327', '2026-02-05T17:59:00Z', 'Card payment', 'Waitrose', '🛒', 'groceries', -2645, 'GBP', 0),
    ('demo_tx_000328', '2026-02-06T15:41:00Z', 'Card payment', 'Pret A Manger', '🥪', 'eating_out', -1371, 'GBP', 0),
    ('demo_tx_000329', '2026-02-08T17:26:00Z', 'Card payment', 'Amazon', '📦', 'shopping', -15451, 'GBP', 0),
    ('demo_tx_000330', '2026-02-08T20:38:00Z', 'Direct debit', 'EE Mobile', '📱', 'bills', -2000, 'GBP', 0),
    ('demo_tx_000331', '2026-02-09T08:45:00Z', 'Card payment', 'Waitrose', '🛒', 'groceries', -5363, 'GBP', 0),
    ('demo_tx_000332', '2026-02-09T22:33:00Z', 'Card payment', 'Trainline', '🚆', 'transport', -6224, 'GBP', 0),
    ('demo_tx_000333', '2026-02-10T22:12:00Z', 'Card payment', 'Costa Coffee', '☕', 'eating_out', -612, 'GBP', 0),
    ('demo_tx_000334', '2026-02-11T10:36:00Z', 'Card payment', 'Trainline', '🚆', 'transport', -3157, 'GBP', 0),
    ('demo_tx_000335', '2026-02-11T17:30:00Z', 'Card payment', 'Itsu', '🍣', 'eating_out', -1701, 'GBP', 0),
    ('demo_tx_000336', '2026-02-12T08:18:00Z', 'Card payment', 'Wagamama', '🍜', 'eating_out', -2689, 'GBP', 0),
    ('demo_tx_000337', '2026-02-12T13:52:00Z', 'Card payment', 'Shell', '⛽', 'transport', -4376, 'GBP', 0),
    ('demo_tx_000338', '2026-02-12T15:49:00Z', 'Faster payment', 'Savings Pot Transfer', '🏦', 'savings', -32595, 'GBP', 0),
    ('demo_tx_000339', '2026-02-12T21:41:00Z', 'Card payment', 'Nando''s', '🍗', 'eating_out', -2818, 'GBP', 0),
    ('demo_tx_000340', '2026-02-13T14:15:00Z', 'Card payment', 'Waitrose', '🛒', 'groceries', -7569, 'GBP', 0),
    ('demo_tx_000341', '2026-02-14T08:58:00Z', 'Card payment', 'Vue Cinema', '🎬', 'entertainment', -1995, 'GBP', 0),
    ('demo_tx_000342', '2026-02-14T11:00:00Z', 'Card payment', 'M&S Food', '🛒', 'groceries', -2023, 'GBP', 0),
    ('demo_tx_000343', '2026-02-14T17:18:00Z', 'Card payment', 'Itsu', '🍣', 'eating_out', -1288, 'GBP', 0),
    ('demo_tx_000344', '2026-02-14T22:30:00Z', 'Card payment', 'Wagamama', '🍜', 'eating_out', -3166, 'GBP', 0),
    ('demo_tx_000345', '2026-02-15T08:00:00Z', 'Card payment', 'Costa Coffee', '☕', 'eating_out', -748, 'GBP', 0),
    ('demo_tx_000346', '2026-02-15T08:55:00Z', 'Direct debit', 'Netflix', '📺', 'entertainment', -1099, 'GBP', 0),
    ('demo_tx_000347', '2026-02-15T10:09:00Z', 'Direct debit', 'Spotify', '🎵', 'entertainment', -1099, 'GBP', 0),
    ('demo_tx_000348', '2026-02-15T19:50:00Z', 'Card payment', 'Sainsbury''s', '🛒', 'groceries', -1297, 'GBP', 0),
    ('demo_tx_000349', '2026-02-16T12:00:00Z', 'Card payment', 'Trainline', '🚆', 'transport', -6686, 'GBP', 0),
    ('demo_tx_000350', '2026-02-16T12:46:00Z', 'Card payment', 'Nando''s', '🍗', 'eating_out', -2754, 'GBP', 0),
    ('demo_tx_000351', '2026-02-16T13:51:00Z', 'Card payment', 'Franco Manca', '🍕', 'eating_out', -1758, 'GBP', 0),
    ('demo_tx_000352', '2026-02-16T22:56:00Z', 'Card payment', 'Co-op', '🛒', 'groceries', -2725, 'GBP', 0),
    ('demo_tx_000353', '2026-02-17T08:50:00Z', 'Card payment', 'Airbnb', '🏡', 'holidays', -31173, 'GBP', 0),
    ('demo_tx_000354', '2026-02-18T12:08:00Z', 'Card payment', 'Co-op', '🛒', 'groceries', -890, 'GBP', 0),
    ('demo_tx_000355', '2026-02-18T14:03:00Z', 'Card payment', 'Steam', '🎮', 'entertainment', -3637, 'GBP', 0),
    ('demo_tx_000356', '2026-02-18T15:24:00Z', 'Card payment', 'Itsu', '🍣', 'eating_out', -713, 'GBP', 0),
    ('demo_tx_000357', '2026-02-18T16:37:00Z', 'Card payment', 'Trainline', '🚆', 'transport', -3500, 'GBP', 0),
    ('demo_tx_000358', '2026-02-19T16:44:00Z', 'Card payment', 'Sainsbury''s', '🛒', 'groceries', -4321, 'GBP', 0),
    ('demo_tx_000359', '2026-02-19T17:07:00Z', 'Faster payment', 'Savings Pot Transfer', '🏦', 'savings', -36003, 'GBP', 0),
    ('demo_tx_000360', '2026-02-20T13:36:00Z', 'Card payment', 'Odeon Cinema', '🎬', 'entertainment', -1126, 'GBP', 0),
    ('demo_tx_000361', '2026-02-20T13:48:00Z', 'Card payment', 'Franco Manca', '🍕', 'eating_out', -2751, 'GBP', 0),
    ('demo_tx_000362', '2026-02-20T18:26:00Z', 'Card payment', 'Sainsbury''s', '🛒', 'groceries', -4727, 'GBP', 0),
    ('demo_tx_000363', '2026-02-20T19:24:00Z', 'Direct debit', 'Thames Water', '💧', 'bills', -3130, 'GBP', 0),
    ('demo_tx_000364', '2026-02-20T21:33:00Z', 'Card payment', 'TfL Travel', '🚇', 'transport', -738, 'GBP', 0),
    ('demo_tx_000365', '2026-02-21T10:43:00Z', 'Card payment', 'Waitrose', '🛒', 'groceries', -5119, 'GBP', 0),
    ('demo_tx_000366', '2026-02-21T20:29:00Z', 'Card payment', 'Uber', '🚗', 'transport', -2602, 'GBP', 0),
    ('demo_tx_000367', '2026-02-21T21:51:00Z', 'Card payment', 'Franco Manca', '🍕', 'eating_out', -1386, 'GBP', 0),
    ('demo_tx_000368', '2026-02-22T15:52:00Z', 'Card payment', 'Tesco', '🛒', 'groceries', -4043, 'GBP', 0),
    ('demo_tx_000369', '2026-02-22T20:22:00Z', 'Card payment', 'TfL Travel', '🚇', 'transport', -246, 'GBP', 0),
    ('demo_tx_000370', '2026-02-22T21:33:00Z', 'Direct debit', 'Octopus Energy', '⚡', 'bills', -9220, 'GBP', 0),
    ('demo_tx_000371', '2026-02-23T16:26:00Z', 'Card payment', 'Franco Manca', '🍕', 'eating_out', -1264, 'GBP', 0),
    ('demo_tx_000372', '2026-02-23T20:23:00Z', 'Card payment', 'Wagamama', '🍜', 'eating_out', -2054, 'GBP', 0),
    ('demo_tx_000373', '2026-02-24T07:48:00Z', 'Card payment', 'Wagamama', '🍜', 'eating_out', -2412, 'GBP', 0),
    ('demo_tx_000374', '2026-02-24T11:41:00Z', 'Card payment', 'Co-op', '🛒', 'groceries', -3210, 'GBP', 0),
    ('demo_tx_000375', '2026-02-24T19:33:00Z', 'Card payment', 'Nando''s', '🍗', 'eating_out', -2131, 'GBP', 0),
    ('demo_tx_000376', '2026-02-24T20:34:00Z', 'Card payment', 'Trainline', '🚆', 'transport', -4592, 'GBP', 0),
    ('demo_tx_000377', '2026-02-25T07:15:00Z', 'Card payment', 'Dishoom', '🍛', 'eating_out', -5018, 'GBP', 0),
    ('demo_tx_000378', '2026-02-25T08:25:00Z', 'Card payment', 'TfL Travel', '🚇', 'transport', -450, 'GBP', 0),
    ('demo_tx_000379', '2026-02-25T10:02:00Z', 'Card payment', 'Sainsbury''s', '🛒', 'groceries', -6939, 'GBP', 0),
    ('demo_tx_000380', '2026-02-25T10:38:00Z', 'Card payment', 'Itsu', '🍣', 'eating_out', -837, 'GBP', 0),
    ('demo_tx_000381', '2026-02-25T15:35:00Z', 'Direct debit', 'Council Tax', '📄', 'bills', -14500, 'GBP', 0),
    ('demo_tx_000382', '2026-02-26T20:10:00Z', 'Faster payment', 'Savings Pot Transfer', '🏦', 'savings', -24617, 'GBP', 0),
    ('demo_tx_000383', '2026-02-27T16:17:00Z', 'Card payment', 'Uber', '🚗', 'transport', -2193, 'GBP', 0),
    ('demo_tx_000384', '2026-02-27T16:56:00Z', 'Card payment', 'Greggs', '🥐', 'eating_out', -442, 'GBP', 0),
    ('demo_tx_000385', '2026-02-27T20:35:00Z', 'Card payment', 'John Lewis', '🛍️', 'shopping', -8238, 'GBP', 0),
    ('demo_tx_000386', '2026-02-28T11:32:00Z', 'Faster payment', 'Acme Ltd Payroll', '💼', 'income', 277186, 'GBP', 1),
    ('demo_tx_000387', '2026-02-28T20:09:00Z', 'Card payment', 'Greggs', '🥐', 'eating_out', -626, 'GBP', 0),
    ('demo_tx_000388', '2026-03-01T15:32:00Z', 'Direct debit', 'Property Mgmt', '🏠', 'bills', -110000, 'GBP', 0),
    ('demo_tx_000389', '2026-03-01T21:58:00Z', 'Card payment', 'Co-op', '🛒', 'groceries', -1091, 'GBP', 0),
    ('demo_tx_000390', '2026-03-02T09:59:00Z', 'Card payment', 'Lidl', '🛒', 'groceries', -3248, 'GBP', 0),
    ('demo_tx_000391', '2026-03-02T13:03:00Z', 'Card payment', 'Greggs', '🥐', 'eating_out', -294, 'GBP', 0),
    ('demo_tx_000392', '2026-03-02T13:51:00Z', 'Card payment', 'TfL Travel', '🚇', 'transport', -274, 'GBP', 0),
    ('demo_tx_000393', '2026-03-03T07:13:00Z', 'Card payment', 'Lidl', '🛒', 'groceries', -1841, 'GBP', 0),
    ('demo_tx_000394', '2026-03-03T14:35:00Z', 'Card payment', 'Itsu', '🍣', 'eating_out', -1512, 'GBP', 0),
    ('demo_tx_000395', '2026-03-03T14:44:00Z', 'Card payment', 'Nando''s', '🍗', 'eating_out', -3361, 'GBP', 0),
    ('demo_tx_000396', '2026-03-03T21:34:00Z', 'Card payment', 'Trainline', '🚆', 'transport', -3918, 'GBP', 0),
    ('demo_tx_000397', '2026-03-04T08:36:00Z', 'Card payment', 'Trainline', '🚆', 'transport', -4190, 'GBP', 0),
    ('demo_tx_000398', '2026-03-04T17:58:00Z', 'Card payment', 'Franco Manca', '🍕', 'eating_out', -2759, 'GBP', 0),
    ('demo_tx_000399', '2026-03-04T20:18:00Z', 'Card payment', 'Toni & Guy', '✂️', 'personal_care', -4892, 'GBP', 0),
    ('demo_tx_000400', '2026-03-05T10:59:00Z', 'Faster payment', 'Savings Pot Transfer', '🏦', 'savings', -15638, 'GBP', 0),
    ('demo_tx_000401', '2026-03-05T11:46:00Z', 'Card payment', 'Trainline', '🚆', 'transport', -2186, 'GBP', 0),
    ('demo_tx_000402', '2026-03-05T16:53:00Z', 'Direct debit', 'PureGym', '🏋️', 'personal_care', -3200, 'GBP', 0),
    ('demo_tx_000403', '2026-03-05T17:16:00Z', 'Card payment', 'Franco Manca', '🍕', 'eating_out', -2327, 'GBP', 0),
    ('demo_tx_000404', '2026-03-05T19:36:00Z', 'Card payment', 'Lidl', '🛒', 'groceries', -1542, 'GBP', 0),
    ('demo_tx_000405', '2026-03-05T22:29:00Z', 'Card payment', 'Franco Manca', '🍕', 'eating_out', -2681, 'GBP', 0),
    ('demo_tx_000406', '2026-03-06T07:13:00Z', 'Card payment', 'TfL Travel', '🚇', 'transport', -354, 'GBP', 0),
    ('demo_tx_000407', '2026-03-06T08:48:00Z', 'Card payment', 'Pret A Manger', '🥪', 'eating_out', -552, 'GBP', 0),
    ('demo_tx_000408', '2026-03-06T11:53:00Z', 'Card payment', 'Pret A Manger', '🥪', 'eating_out', -1244, 'GBP', 0),
    ('demo_tx_000409', '2026-03-07T07:33:00Z', 'Card payment', 'Shell', '⛽', 'transport', -3548, 'GBP', 0),
    ('demo_tx_000410', '2026-03-07T22:01:00Z', 'Card payment', 'Franco Manca', '🍕', 'eating_out', -2550, 'GBP', 0),
    ('demo_tx_000411', '2026-03-08T10:58:00Z', 'Card payment', 'Dishoom', '🍛', 'eating_out', -3234, 'GBP', 0),
    ('demo_tx_000412', '2026-03-08T13:09:00Z', 'Direct debit', 'EE Mobile', '📱', 'bills', -2000, 'GBP', 0),
    ('demo_tx_000413', '2026-03-08T13:39:00Z', 'Card payment', 'Uber', '🚗', 'transport', -1487, 'GBP', 0),
    ('demo_tx_000414', '2026-03-09T09:41:00Z', 'Card payment', 'Itsu', '🍣', 'eating_out', -1314, 'GBP', 0),
    ('demo_tx_000415', '2026-03-09T19:35:00Z', 'Card payment', 'Ticketmaster', '🎫', 'entertainment', -5606, 'GBP', 0),
    ('demo_tx_000416', '2026-03-09T21:36:00Z', 'Card payment', 'Lidl', '🛒', 'groceries', -2263, 'GBP', 0),
    ('demo_tx_000417', '2026-03-10T20:41:00Z', 'Card payment', 'Nando''s', '🍗', 'eating_out', -3447, 'GBP', 0),
    ('demo_tx_000418', '2026-03-11T08:11:00Z', 'Card payment', 'Uniqlo', '🛍️', 'shopping', -8867, 'GBP', 0),
    ('demo_tx_000419', '2026-03-11T08:59:00Z', 'Card payment', 'Shell', '⛽', 'transport', -4610, 'GBP', 0),
    ('demo_tx_000420', '2026-03-12T16:10:00Z', 'Card payment', 'Dishoom', '🍛', 'eating_out', -2815, 'GBP', 0),
    ('demo_tx_000421', '2026-03-12T16:15:00Z', 'Faster payment', 'Savings Pot Transfer', '🏦', 'savings', -26894, 'GBP', 0),
    ('demo_tx_000422', '2026-03-12T17:24:00Z', 'Card payment', 'Shell', '⛽', 'transport', -6273, 'GBP', 0),
    ('demo_tx_000423', '2026-03-13T10:27:00Z', 'Card payment', 'Greggs', '🥐', 'eating_out', -254, 'GBP', 0),
    ('demo_tx_000424', '2026-03-13T19:49:00Z', 'Card payment', 'TfL Travel', '🚇', 'transport', -548, 'GBP', 0),
    ('demo_tx_000425', '2026-03-14T19:27:00Z', 'Card payment', 'Sainsbury''s', '🛒', 'groceries', -3914, 'GBP', 0),
    ('demo_tx_000426', '2026-03-15T10:55:00Z', 'Direct debit', 'Spotify', '🎵', 'entertainment', -1099, 'GBP', 0),
    ('demo_tx_000427', '2026-03-15T12:32:00Z', 'Direct debit', 'Netflix', '📺', 'entertainment', -1099, 'GBP', 0),
    ('demo_tx_000428', '2026-03-15T15:09:00Z', 'Card payment', 'Tesco', '🛒', 'groceries', -1472, 'GBP', 0),
    ('demo_tx_000429', '2026-03-15T17:23:00Z', 'Card payment', 'Wagamama', '🍜', 'eating_out', -3095, 'GBP', 0),
    ('demo_tx_000430', '2026-03-15T21:23:00Z', 'Card payment', 'TfL Travel', '🚇', 'transport', -515, 'GBP', 0),
    ('demo_tx_000431', '2026-03-16T19:00:00Z', 'Card payment', 'TfL Travel', '🚇', 'transport', -532, 'GBP', 0),
    ('demo_tx_000432', '2026-03-16T20:06:00Z', 'Card payment', 'Waitrose', '🛒', 'groceries', -6044, 'GBP', 0),
    ('demo_tx_000433', '2026-03-17T09:10:00Z', 'Card payment', 'Shell', '⛽', 'transport', -4097, 'GBP', 0),
    ('demo_tx_000434', '2026-03-17T11:17:00Z', 'Card payment', 'Dishoom', '🍛', 'eating_out', -3194, 'GBP', 0),
    ('demo_tx_000435', '2026-03-17T12:43:00Z', 'Card payment', 'Itsu', '🍣', 'eating_out', -1767, 'GBP', 0),
    ('demo_tx_000436', '2026-03-18T10:08:00Z', 'Card payment', 'Itsu', '🍣', 'eating_out', -1637, 'GBP', 0),
    ('demo_tx_000437', '2026-03-18T14:46:00Z', 'Card payment', 'Lidl', '🛒', 'groceries', -4467, 'GBP', 0),
    ('demo_tx_000438', '2026-03-18T19:51:00Z', 'Card payment', 'Shell', '⛽', 'transport', -4860, 'GBP', 0),
    ('demo_tx_000439', '2026-03-19T14:56:00Z', 'Faster payment', 'Savings Pot Transfer', '🏦', 'savings', -16898, 'GBP', 0),
    ('demo_tx_000440', '2026-03-19T17:38:00Z', 'Card payment', 'Wagamama', '🍜', 'eating_out', -2730, 'GBP', 0),
    ('demo_tx_000441', '2026-03-20T10:59:00Z', 'Card payment', 'Shell', '⛽', 'transport', -4995, 'GBP', 0),
    ('demo_tx_000442', '2026-03-20T12:34:00Z', 'Direct debit', 'Thames Water', '💧', 'bills', -3765, 'GBP', 0),
    ('demo_tx_000443', '2026-03-20T14:20:00Z', 'Card payment', 'Franco Manca', '🍕', 'eating_out', -2379, 'GBP', 0),
    ('demo_tx_000444', '2026-03-21T13:28:00Z', 'Card payment', 'Franco Manca', '🍕', 'eating_out', -2650, 'GBP', 0),
    ('demo_tx_000445', '2026-03-21T22:08:00Z', 'Card payment', 'Ticketmaster', '🎫', 'entertainment', -8013, 'GBP', 0),
    ('demo_tx_000446', '2026-03-22T07:38:00Z', 'Direct debit', 'Octopus Energy', '⚡', 'bills', -9086, 'GBP', 0),
    ('demo_tx_000447', '2026-03-22T20:50:00Z', 'Card payment', 'Co-op', '🛒', 'groceries', -1131, 'GBP', 0),
    ('demo_tx_000448', '2026-03-22T22:37:00Z', 'Card payment', 'Franco Manca', '🍕', 'eating_out', -2424, 'GBP', 0),
    ('demo_tx_000449', '2026-03-23T09:06:00Z', 'Card payment', 'Greggs', '🥐', 'eating_out', -749, 'GBP', 0),
    ('demo_tx_000450', '2026-03-24T07:06:00Z', 'Card payment', 'Dishoom', '🍛', 'eating_out', -2933, 'GBP', 0),
    ('demo_tx_000451', '2026-03-24T18:25:00Z', 'Card payment', 'Uber', '🚗', 'transport', -2325, 'GBP', 0),
    ('demo_tx_000452', '2026-03-24T19:48:00Z', 'Card payment', 'Co-op', '🛒', 'groceries', -3274, 'GBP', 0),
    ('demo_tx_000453', '2026-03-25T10:18:00Z', 'Card payment', 'Tesco', '🛒', 'groceries', -4754, 'GBP', 0),
    ('demo_tx_000454', '2026-03-25T11:22:00Z', 'Card payment', 'Nando''s', '🍗', 'eating_out', -1875, 'GBP', 0),
    ('demo_tx_000455', '2026-03-25T13:33:00Z', 'Card payment', 'Shell', '⛽', 'transport', -6712, 'GBP', 0),
    ('demo_tx_000456', '2026-03-25T17:31:00Z', 'Direct debit', 'Council Tax', '📄', 'bills', -14500, 'GBP', 0),
    ('demo_tx_000457', '2026-03-26T09:05:00Z', 'Faster payment', 'Savings Pot Transfer', '🏦', 'savings', -33591, 'GBP', 0),
    ('demo_tx_000458', '2026-03-26T10:01:00Z', 'Card payment', 'Costa Coffee', '☕', 'eating_out', -322, 'GBP', 0),
    ('demo_tx_000459', '2026-03-27T12:21:00Z', 'Card payment', 'Wagamama', '🍜', 'eating_out', -3760, 'GBP', 0),
    ('demo_tx_000460', '2026-03-27T19:40:00Z', 'Card payment', 'Shell', '⛽', 'transport', -4449, 'GBP', 0),
    ('demo_tx_000461', '2026-03-28T07:46:00Z', 'Faster payment', 'Acme Ltd Payroll', '💼', 'income', 284867, 'GBP', 1),
    ('demo_tx_000462', '2026-03-28T12:23:00Z', 'Card payment', 'Odeon Cinema', '🎬', 'entertainment', -2099, 'GBP', 0),
    ('demo_tx_000463', '2026-03-28T13:17:00Z', 'Card payment', 'Pret A Manger', '🥪', 'eating_out', -839, 'GBP', 0),
    ('demo_tx_000464', '2026-03-28T21:37:00Z', 'Card payment', 'Waitrose', '🛒', 'groceries', -3116, 'GBP', 0),
    ('demo_tx_000465', '2026-03-29T18:54:00Z', 'Card payment', 'Nando''s', '🍗', 'eating_out', -2825, 'GBP', 0),
    ('demo_tx_000466', '2026-03-29T19:37:00Z', 'Card payment', 'Greggs', '🥐', 'eating_out', -597, 'GBP', 0),
    ('demo_tx_000467', '2026-03-29T22:33:00Z', 'Card payment', 'Lidl', '🛒', 'groceries', -3347, 'GBP', 0),
    ('demo_tx_000468', '2026-03-30T10:15:00Z', 'Card payment', 'Wagamama', '🍜', 'eating_out', -2782, 'GBP', 0),
    ('demo_tx_000469', '2026-03-30T11:32:00Z', 'Card payment', 'Uber', '🚗', 'transport', -2029, 'GBP', 0),
    ('demo_tx_000470', '2026-03-31T12:31:00Z', 'Card payment', 'M&S Food', '🛒', 'groceries', -2619, 'GBP', 0),
    ('demo_tx_000471', '2026-03-31T21:39:00Z', 'Card payment', 'Wagamama', '🍜', 'eating_out', -2788, 'GBP', 0),
    ('demo_tx_000472', '2026-03-31T22:08:00Z', 'Card payment', 'Trainline', '🚆', 'transport', -878, 'GBP', 0),
    ('demo_tx_000473', '2026-04-01T16:02:00Z', 'Card payment', 'TfL Travel', '🚇', 'transport', -425, 'GBP', 0),
    ('demo_tx_000474', '2026-04-01T21:31:00Z', 'Card payment', 'Franco Manca', '🍕', 'eating_out', -2051, 'GBP', 0),
    ('demo_tx_000475', '2026-04-01T22:52:00Z', 'Direct debit', 'Property Mgmt', '🏠', 'bills', -110000, 'GBP', 0),
    ('demo_tx_000476', '2026-04-02T10:36:00Z', 'Card payment', 'Co-op', '🛒', 'groceries', -2528, 'GBP', 0),
    ('demo_tx_000477', '2026-04-03T13:27:00Z', 'Card payment', 'Co-op', '🛒', 'groceries', -2307, 'GBP', 0),
    ('demo_tx_000478', '2026-04-04T09:28:00Z', 'Card payment', 'Lidl', '🛒', 'groceries', -4131, 'GBP', 0),
    ('demo_tx_000479', '2026-04-04T12:39:00Z', 'Card payment', 'Greggs', '🥐', 'eating_out', -638, 'GBP', 0),
    ('demo_tx_000480', '2026-04-04T13:51:00Z', 'Card payment', 'Nando''s', '🍗', 'eating_out', -2370, 'GBP', 0),
    ('demo_tx_000481', '2026-04-04T13:51:00Z', 'Card payment', 'Uber', '🚗', 'transport', -3832, 'GBP', 0),
    ('demo_tx_000482', '2026-04-04T15:38:00Z', 'Card payment', 'Uniqlo', '🛍️', 'shopping', -5860, 'GBP', 0),
    ('demo_tx_000483', '2026-04-05T10:08:00Z', 'Card payment', 'Costa Coffee', '☕', 'eating_out', -787, 'GBP', 0),
    ('demo_tx_000484', '2026-04-05T20:13:00Z', 'Faster payment', 'Savings Pot Transfer', '🏦', 'savings', -32290, 'GBP', 0),
    ('demo_tx_000485', '2026-04-05T22:35:00Z', 'Direct debit', 'PureGym', '🏋️', 'personal_care', -3200, 'GBP', 0),
    ('demo_tx_000486', '2026-04-07T09:25:00Z', 'Card payment', 'Shell', '⛽', 'transport', -3809, 'GBP', 0),
    ('demo_tx_000487', '2026-04-07T15:40:00Z', 'Card payment', 'Franco Manca', '🍕', 'eating_out', -1491, 'GBP', 0),
    ('demo_tx_000488', '2026-04-08T07:55:00Z', 'Card payment', 'M&S Food', '🛒', 'groceries', -3881, 'GBP', 0),
    ('demo_tx_000489', '2026-04-08T12:16:00Z', 'Direct debit', 'EE Mobile', '📱', 'bills', -2000, 'GBP', 0),
    ('demo_tx_000490', '2026-04-08T18:54:00Z', 'Card payment', 'Nando''s', '🍗', 'eating_out', -3277, 'GBP', 0),
    ('demo_tx_000491', '2026-04-08T20:52:00Z', 'Card payment', 'Shell', '⛽', 'transport', -4392, 'GBP', 0),
    ('demo_tx_000492', '2026-04-09T10:40:00Z', 'Card payment', 'Pret A Manger', '🥪', 'eating_out', -494, 'GBP', 0),
    ('demo_tx_000493', '2026-04-09T22:50:00Z', 'Card payment', 'Waitrose', '🛒', 'groceries', -2569, 'GBP', 0),
    ('demo_tx_000494', '2026-04-10T09:23:00Z', 'Card payment', 'Greggs', '🥐', 'eating_out', -456, 'GBP', 0),
    ('demo_tx_000495', '2026-04-10T13:44:00Z', 'Card payment', 'Tesco', '🛒', 'groceries', -4304, 'GBP', 0),
    ('demo_tx_000496', '2026-04-10T14:27:00Z', 'Card payment', 'Steam', '🎮', 'entertainment', -3773, 'GBP', 0),
    ('demo_tx_000497', '2026-04-10T15:05:00Z', 'Card payment', 'Costa Coffee', '☕', 'eating_out', -381, 'GBP', 0),
    ('demo_tx_000498', '2026-04-12T09:14:00Z', 'Card payment', 'Wagamama', '🍜', 'eating_out', -3456, 'GBP', 0),
    ('demo_tx_000499', '2026-04-12T10:15:00Z', 'Card payment', 'British Airways', '✈️', 'holidays', -37289, 'GBP', 0),
    ('demo_tx_000500', '2026-04-12T10:55:00Z', 'Card payment', 'Co-op', '🛒', 'groceries', -1907, 'GBP', 0),
    ('demo_tx_000501', '2026-04-12T13:45:00Z', 'Faster payment', 'Savings Pot Transfer', '🏦', 'savings', -32671, 'GBP', 0),
    ('demo_tx_000502', '2026-04-14T07:39:00Z', 'Card payment', 'Waitrose', '🛒', 'groceries', -6114, 'GBP', 0),
    ('demo_tx_000503', '2026-04-14T13:40:00Z', 'Card payment', 'Franco Manca', '🍕', 'eating_out', -1919, 'GBP', 0),
    ('demo_tx_000504', '2026-04-15T09:15:00Z', 'Card payment', 'Trainline', '🚆', 'transport', -6080, 'GBP', 0),
    ('demo_tx_000505', '2026-04-15T09:48:00Z', 'Direct debit', 'Netflix', '📺', 'entertainment', -1099, 'GBP', 0),
    ('demo_tx_000506', '2026-04-15T10:37:00Z', 'Card payment', 'Tesco', '🛒', 'groceries', -1946, 'GBP', 0),
    ('demo_tx_000507', '2026-04-15T11:08:00Z', 'Direct debit', 'Spotify', '🎵', 'entertainment', -1099, 'GBP', 0),
    ('demo_tx_000508', '2026-04-15T17:50:00Z', 'Card payment', 'Greggs', '🥐', 'eating_out', -639, 'GBP', 0);

-- 6 budgets
INSERT INTO budgets (category, amount, period, start_date, is_active) VALUES
    ('eating_out', 25000, 'monthly', NULL, 1),
    ('groceries', 40000, 'monthly', NULL, 1),
    ('transport', 15000, 'monthly', NULL, 1),
    ('entertainment', 10000, 'monthly', NULL, 1),
    ('shopping', 20000, 'monthly', NULL, 1),
    ('bills', 150000, 'monthly', NULL, 1);

-- 1 trading account
INSERT INTO trading_accounts (id, name, broker, asset_class, currency, initial_balance, is_active) VALUES
    (1, 'Demo Trading Account', 'Interactive Brokers', 'multi', 'GBP', 1000000, 1);

-- 3 strategies
INSERT INTO strategies (id, name, description, rules, version, is_active) VALUES
    (1, 'Breakout v1.0', 'Intraday breakouts above consolidation with volume confirmation.', '1. Price breaks structure high
2. Volume > 1.5x average
3. Risk fixed to 1R on prior swing', '1.0', 1),
    (2, 'Mean Reversion', 'Fade extremes back to 20-EMA in ranging markets.', '1. RSI < 30 or > 70
2. Price outside 2-ATR band
3. Exit on 20-EMA tag', '1.0', 1),
    (3, 'Trend Following', 'Pullback entries in established trends on the daily timeframe.', '1. Higher highs and higher lows
2. Enter on 20-EMA retest
3. Trail stop under recent swing', '1.0', 1);

-- 5 tags
INSERT INTO tags (id, name, group_name) VALUES
    (1, 'earnings', 'setup'),
    (2, 'news-driven', 'setup'),
    (3, 'A+ setup', 'setup'),
    (4, 'overtraded', 'mistakes'),
    (5, 'revenge-trade', 'mistakes');

-- 85 trades (80 closed, 5 open)
INSERT INTO trades (account_id, symbol, asset_class, direction, entry_date, entry_price, position_size, entry_fee, exit_date, exit_price, exit_fee, stop_loss, take_profit, risk_amount, pnl, pnl_net, pnl_percentage, r_multiple, mae, mfe, mae_percentage, mfe_percentage, duration_minutes, strategy_id, timeframe, setup_type, market_condition, entry_reason, exit_reason, confidence, emotion_before, emotion_during, emotion_after, rules_followed_pct, psychology_notes, post_trade_review, option_type, strike_price, expiry_date, implied_volatility, trade_type, notes, screenshot_path, is_open) VALUES
    (1, 'META', 'stocks', 'long', '2025-11-03T14:05:00', 5790, 112.0, 262, '2025-11-05T14:05:00', 5677, 167, 5632, 6085, 17675, -12656, -13085, -2.017795, -0.740311, NULL, NULL, NULL, NULL, 2880, 1, '15m', 'breakout', 'trending', 'Double bottom reversal at key support', 'Stopped out on adverse move', 4, 2, 5, 3, 71.5, NULL, NULL, NULL, NULL, NULL, NULL, 'trade', NULL, NULL, 0),
    (1, 'GBPUSD', 'forex', 'long', '2025-11-04T10:05:00', 123181, 1.0, 374, '2025-11-04T16:05:00', 132271, 375, 113178, 143300, 10003, 9090, 8341, 6.771336, 0.83385, NULL, NULL, NULL, NULL, 360, 2, '15m', 'reversal', 'choppy', 'Mean reversion from oversold RSI in ranging market', 'Stopped out on adverse move', 4, 3, 2, 4, 97.0, NULL, NULL, NULL, NULL, NULL, NULL, 'trade', NULL, NULL, 0),
    (1, 'META', 'stocks', 'long', '2025-11-05T13:45:00', 25269, 64.0, 161, '2025-11-05T17:45:00', 25199, 106, 25121, 25632, 9496, -4480, -4747, -0.293529, -0.499895, NULL, NULL, NULL, NULL, 240, 1, '4h', 'pullback', 'volatile', 'Mean reversion from oversold RSI in ranging market', 'Target hit at resistance', 4, 4, 5, 2, 81.0, NULL, NULL, NULL, NULL, NULL, NULL, 'trade', NULL, NULL, 0),
    (1, 'META', 'stocks', 'long', '2025-11-06T11:00:00', 37515, 136.0, 361, '2025-11-06T12:00:00', 37580, 284, 37465, 37608, 6816, 8840, 8195, 0.160622, 1.202318, NULL, NULL, NULL, NULL, 60, 1, '15m', 'breakout', 'trending', 'Pullback to 20-EMA with bullish confirmation candle', 'Target hit at resistance', 7, 4, 5, 4, 96.8, NULL, NULL, NULL, NULL, NULL, NULL, 'trade', NULL, NULL, 0),
    (1, 'AAPL', 'stocks', 'long', '2025-11-07T13:15:00', 32483, 77.0, 264, '2025-11-07T14:15:00', 32346, 227, 32241, 33046, 18639, -10549, -11040, -0.44139, -0.592306, NULL, NULL, NULL, NULL, 60, 3, '15m', 'pullback', 'ranging', 'Trend continuation after bull flag resolution', 'Target hit at resistance', 7, 2, 5, 2, 90.9, NULL, NULL, NULL, NULL, NULL, NULL, 'trade', NULL, NULL, 0),
    (1, 'AAPL', 'stocks', 'long', '2025-11-10T11:45:00', 5522, 114.0, 202, '2025-11-12T11:45:00', 5352, 249, 5316, 5881, 23474, -19380, -19831, -3.150238, -0.844807, NULL, NULL, NULL, NULL, 2880, 1, '1h', 'pullback', 'trending', 'News-driven momentum after strong earnings beat', 'Target hit at resistance', 5, 4, 2, 2, 60.1, NULL, NULL, NULL, NULL, NULL, NULL, 'trade', NULL, NULL, 0),
    (1, 'USDJPY', 'forex', 'short', '2025-11-11T14:15:00', 113406, 2.0, 371, '2025-11-11T15:15:00', 108572, 221, 122784, 89990, 18756, 9668, 9076, 4.001552, 0.483898, NULL, NULL, NULL, NULL, 60, 1, '1h', 'news', 'volatile', 'News-driven momentum after strong earnings beat', 'Scaled out into strength', 4, 2, 3, 4, 85.5, NULL, NULL, NULL, NULL, NULL, NULL, 'trade', NULL, NULL, 0),
    (1, 'META', 'stocks', 'long', '2025-11-12T15:15:00', 33507, 53.0, 221, '2025-11-12T21:15:00', 33272, 249, 33251, 33992, 13552, -12455, -12925, -0.727812, -0.953734, NULL, NULL, NULL, NULL, 360, 2, '4h', 'pullback', 'trending', 'Pullback to 20-EMA with bullish confirmation candle', 'Stopped out on adverse move', 8, 2, 3, 1, 66.6, NULL, NULL, NULL, NULL, NULL, NULL, 'trade', NULL, NULL, 0),
    (1, 'NVDA', 'stocks', 'long', '2025-11-13T14:15:00', 28480, 73.0, 331, '2025-11-13T14:45:00', 28645, 257, 28204, 28938, 20182, 12045, 11457, 0.551072, 0.567684, NULL, NULL, NULL, NULL, 30, 1, '4h', 'pullback', 'trending', 'Mean reversion from oversold RSI in ranging market', 'Stopped out on adverse move', 6, 5, 2, 4, 87.1, NULL, NULL, NULL, NULL, NULL, NULL, 'trade', NULL, NULL, 0),
    (1, 'MSFT', 'stocks', 'long', '2025-11-14T09:00:00', 31502, 135.0, 384, '2025-11-14T09:30:00', 31561, 381, 31404, 31727, 13187, 7965, 7200, 0.169301, 0.545992, NULL, NULL, NULL, NULL, 30, 1, '1h', 'pullback', 'choppy', 'Double bottom reversal at key support', 'Scaled out into strength', 9, 2, 4, 4, 96.7, NULL, NULL, NULL, NULL, NULL, NULL, 'trade', NULL, NULL, 0),
    (1, 'AAPL', 'stocks', 'long', '2025-11-17T13:30:00', 34060, 52.0, 147, '2025-11-18T13:30:00', 34249, 269, 33887, 34349, 9014, 9828, 9412, 0.531415, 1.044154, NULL, NULL, NULL, NULL, 1440, 2, '15m', 'news', 'choppy', 'Pullback to 20-EMA with bullish confirmation candle', 'Time-based exit ahead of weekend', 5, 3, 4, 4, 71.2, NULL, NULL, NULL, NULL, NULL, NULL, 'trade', NULL, NULL, 0),
    (1, 'BTCUSD', 'crypto', 'long', '2025-11-18T12:05:00', 4087789, 0.1, 251, '2025-11-19T12:05:00', 3966679, 355, 3902789, 4381517, 18500, -12111, -12717, -3.110973, -0.687405, NULL, NULL, NULL, NULL, 1440, 1, '1h', 'breakout', 'choppy', 'Mean reversion from oversold RSI in ranging market', 'Time-based exit ahead of weekend', 7, 5, 4, 3, 80.1, NULL, NULL, NULL, NULL, NULL, NULL, 'trade', NULL, NULL, 0),
    (1, 'MSFT', 'stocks', 'long', '2025-11-19T10:00:00', 19353, 27.0, 243, '2025-11-19T12:00:00', 20483, 129, 18595, 21248, 20456, 30510, 30138, 5.767696, 1.473309, NULL, NULL, NULL, NULL, 120, 3, '1h', 'reversal', 'trending', 'Pullback to 20-EMA with bullish confirmation candle', 'Closed on exhaustion candle', 7, 4, 3, 4, 67.0, NULL, NULL, NULL, NULL, NULL, NULL, 'trade', NULL, NULL, 0),
    (1, 'USDJPY', 'forex', 'short', '2025-11-20T15:30:00', 139949, 5.0, 114, '2025-11-20T19:30:00', 134261, 280, 144669, 131981, 23600, 28440, 28046, 4.008031, 1.18839, NULL, NULL, NULL, NULL, 240, 1, 'D', 'breakout', 'trending', 'Clean breakout above consolidation on rising volume', 'Stopped out on adverse move', 8, 3, 2, 4, 81.1, NULL, NULL, NULL, NULL, NULL, NULL, 'trade', NULL, NULL, 0),
    (1, 'META', 'stocks', 'long', '2025-11-21T15:00:00', 13551, 107.0, 190, '2025-11-21T21:00:00', 13635, 265, 13486, 13708, 6951, 8988, 8533, 0.5885, 1.227593, NULL, NULL, NULL, NULL, 360, 1, '4h', 'news', 'trending', 'Double bottom reversal at key support', 'Time-based exit ahead of weekend', 6, 3, 3, 4, 89.3, NULL, NULL, NULL, NULL, NULL, NULL, 'trade', NULL, NULL, 0),
    (1, 'AMZN', 'stocks', 'short', '2025-11-24T14:15:00', 25793, 64.0, 387, '2025-11-24T15:45:00', 25954, 282, 25985, 25432, 12315, -10304, -10973, -0.664727, -0.891027, NULL, NULL, NULL, NULL, 90, 1, '15m', 'news', 'trending', 'Pullback to 20-EMA with bullish confirmation candle', 'Closed on exhaustion candle', 6, 3, 2, 2, 65.6, NULL, NULL, NULL, NULL, NULL, NULL, 'trade', NULL, NULL, 0),
    (1, 'EURUSD', 'forex', 'long', '2025-11-25T11:15:00', 120469, 2.0, 145, '2025-11-25T12:15:00', 127486, 271, 110651, 142002, 19635, 14034, 13618, 5.652076, 0.693557, NULL, NULL, NULL, NULL, 60, 3, '15m', 'breakout', 'choppy', 'News-driven momentum after strong earnings beat', 'Scaled out into strength', 7, 3, 5, 4, 79.7, NULL, NULL, NULL, NULL, NULL, NULL, 'trade', NULL, NULL, 0),
    (1, 'META', 'stocks', 'long', '2025-11-26T11:00:00', 36423, 77.0, 183, '2025-11-26T12:00:00', 36389, 331, 36327, 36569, 7415, -2618, -3132, -0.111675, -0.422387, NULL, NULL, NULL, NULL, 60, 2, '1h', 'news', 'ranging', 'Mean reversion from oversold RSI in ranging market', 'Target hit at resistance', 8, 2, 4, 3, 99.4, NULL, NULL, NULL, NULL, NULL, NULL, 'trade', NULL, NULL, 0),
    (1, 'BTCUSD', 'crypto', 'long', '2025-11-27T14:45:00', 4241544, 0.1, 322, '2025-11-27T18:45:00', 4293014, 180, 4174004, 4355686, 6754, 5147, 4645, 1.09512, 0.687741, NULL, NULL, NULL, NULL, 240, 3, '4h', 'reversal', 'ranging', 'Clean breakout above consolidation on rising volume', 'Target hit at resistance', 7, 5, 3, 4, 62.2, NULL, NULL, NULL, NULL, NULL, NULL, 'trade', NULL, NULL, 0),
    (1, 'AAPL', 'stocks', 'long', '2025-11-28T15:00:00', 36478, 71.0, 149, '2025-11-28T19:00:00', 36616, 113, 36312, 36741, 11781, 9798, 9536, 0.368194, 0.809439, NULL, NULL, NULL, NULL, 240, 2, 'D', 'news', 'volatile', 'Clean breakout above consolidation on rising volume', 'Scaled out into strength', 8, 5, 3, 4, 74.8, NULL, NULL, NULL, NULL, NULL, NULL, 'trade', NULL, NULL, 0),
    (1, 'MSFT', 'stocks', 'long', '2025-12-01T14:00:00', 22255, 132.0, 338, '2025-12-01T15:00:00', 22190, 234, 22161, 22410, 12413, -8580, -9152, -0.31154, -0.737292, NULL, NULL, NULL, NULL, 60, 3, '4h', 'news', 'ranging', 'Trend continuation after bull flag resolution', 'Target hit at resistance', 7, 5, 5, 3, 95.3, NULL, NULL, NULL, NULL, NULL, NULL, 'trade', NULL, NULL, 0),
    (1, 'AAPL', 'stocks', 'long', '2025-12-02T15:30:00', 7275, 148.0, 392, '2025-12-02T17:00:00', 7156, 364, 7115, 7534, 23726, -17612, -18368, -1.705953, -0.774172, NULL, NULL, NULL, NULL, 90, 1, '1h', 'pullback', 'ranging', 'Clean breakout above consolidation on rising volume', 'Trailing stop triggered', 4, 5, 3, 3, 65.9, NULL, NULL, NULL, NULL, NULL, NULL, 'trade', NULL, NULL, 0),
    (1, 'GBPUSD', 'forex', 'short', '2025-12-03T12:00:00', 139955, 1.0, 144, '2025-12-04T12:00:00', 119615, 298, 163185, 98694, 23230, 20340, 19898, 14.217427, 0.856565, NULL, NULL, NULL, NULL, 1440, 1, 'D', 'pullback', 'ranging', 'Trend continuation after bull flag resolution', 'Closed on exhaustion candle', 8, 2, 2, 4, 82.5, NULL, NULL, NULL, NULL, NULL, NULL, 'trade', NULL, NULL, 0),
    (1, 'TSLA', 'stocks', 'short', '2025-12-04T12:05:00', 27535, 125.0, 235, '2025-12-05T12:05:00', 27353, 296, 27702, 27256, 20911, 22750, 22219, 0.645549, 1.062551, NULL, NULL, NULL, NULL, 1440, 1, 'D', 'reversal', 'ranging', 'Clean breakout above consolidation on rising volume', 'Scaled out into strength', 7, 4, 4, 4, 60.8, NULL, NULL, NULL, NULL, NULL, NULL, 'trade', NULL, NULL, 0),
    (1, 'ETHUSD', 'crypto', 'long', '2025-12-05T11:30:00', 3562000, 0.05, 216, '2025-12-05T12:30:00', 3371980, 168, 3265080, 4252583, 14846, -9501, -9885, -5.550253, -0.665836, NULL, NULL, NULL, NULL, 60, 1, 'D', 'pullback', 'choppy', 'Mean reversion from oversold RSI in ranging market', 'Trailing stop triggered', 8, 4, 2, 3, 91.7, NULL, NULL, NULL, NULL, NULL, NULL, 'trade', NULL, NULL, 0),
    (1, 'AMZN', 'stocks', 'long', '2025-12-08T11:05:00', 13889, 27.0, 188, '2025-12-08T15:05:00', 13668, 198, 13460, 14728, 11577, -5967, -6353, -1.69412, -0.54876, NULL, NULL, NULL, NULL, 240, 2, 'D', 'news', 'trending', 'Mean reversion from oversold RSI in ranging market', 'Target hit at resistance', 5, 4, 5, 3, 77.8, NULL, NULL, NULL, NULL, NULL, NULL, 'trade', NULL, NULL, 0),
    (1, 'SPY 495P', 'options', 'long', '2025-12-09T13:05:00', 916, 16.0, 183, '2025-12-09T15:05:00', 1410, 232, 418, 1744, 7961, 7904, 7489, 51.098526, 0.940711, NULL, NULL, NULL, NULL, 120, 3, '1h', 'pullback', 'volatile', 'Mean reversion from oversold RSI in ranging market', 'Trailing stop triggered', 8, 2, 2, 4, 79.0, NULL, NULL, 'put', 47167, '2026-01-08', 35.48, 'trade', NULL, NULL, 0),
    (1, 'EURUSD', 'forex', 'long', '2025-12-10T11:45:00', 129934, 3.0, 240, '2025-12-11T11:45:00', 126216, 316, 124155, 139864, 17336, -11154, -11710, -3.004089, -0.675473, NULL, NULL, NULL, NULL, 1440, 3, '15m', 'breakout', 'volatile', 'Trend continuation after bull flag resolution', 'Scaled out into strength', 8, 4, 4, 3, 64.3, NULL, NULL, NULL, NULL, NULL, NULL, 'trade', NULL, NULL, 0),
    (1, 'TSLA', 'stocks', 'long', '2025-12-11T15:45:00', 23145, 86.0, 252, '2025-12-12T15:45:00', 23235, 196, 23030, 23324, 9912, 7740, 7292, 0.366346, 0.735674, NULL, NULL, NULL, NULL, 1440, 3, '4h', 'pullback', 'trending', 'Mean reversion from oversold RSI in ranging market', 'Trailing stop triggered', 6, 4, 5, 4, 76.2, NULL, NULL, NULL, NULL, NULL, NULL, 'trade', NULL, NULL, 0),
    (1, 'USDJPY', 'forex', 'short', '2025-12-12T11:45:00', 128744, 2.0, 275, '2025-12-12T15:45:00', 136218, 213, 140003, 101265, 22518, -14948, -15436, -5.994842, -0.685496, NULL, NULL, NULL, NULL, 240, 1, '1h', 'reversal', 'trending', 'News-driven momentum after strong earnings beat', 'Stopped out on adverse move', 9, 4, 3, 3, 96.0, NULL, NULL, NULL, NULL, NULL, NULL, 'trade', NULL, NULL, 0),
    (1, 'EURUSD', 'forex', 'long', '2025-12-15T12:00:00', 134386, 3.0, 315, '2025-12-15T13:00:00', 139229, 269, 128660, 147849, 17179, 14529, 13945, 3.458942, 0.811747, NULL, NULL, NULL, NULL, 60, 2, '1h', 'breakout', 'choppy', 'Trend continuation after bull flag resolution', 'Time-based exit ahead of weekend', 7, 2, 3, 4, 65.5, NULL, NULL, NULL, NULL, NULL, NULL, 'trade', NULL, NULL, 0),
    (1, 'NVDA', 'stocks', 'short', '2025-12-16T14:00:00', 34987, 56.0, 261, '2025-12-16T14:30:00', 34804, 192, 35124, 34757, 7648, 10248, 9795, 0.499931, 1.280727, NULL, NULL, NULL, NULL, 30, 2, '4h', 'pullback', 'ranging', 'Trend continuation after bull flag resolution', 'Stopped out on adverse move', 7, 2, 3, 4, 84.6, NULL, NULL, NULL, NULL, NULL, NULL, 'trade', NULL, NULL, 0),
    (1, 'GBPUSD', 'forex', 'long', '2025-12-17T11:45:00', 125643, 4.0, 102, '2025-12-17T13:45:00', 130884, 119, 120021, 134155, 22490, 20964, 20743, 4.127369, 0.922321, NULL, NULL, NULL, NULL, 120, 1, '15m', 'pullback', 'ranging', 'Mean reversion from oversold RSI in ranging market', 'Time-based exit ahead of weekend', 6, 3, 2, 4, 75.3, NULL, NULL, NULL, NULL, NULL, NULL, 'trade', NULL, NULL, 0),
    (1, 'EURUSD', 'forex', 'long', '2025-12-18T10:15:00', 111498, 3.0, 248, '2025-12-20T10:15:00', 107262, 333, 104149, 129047, 22048, -12708, -13289, -3.972866, -0.60273, NULL, NULL, NULL, NULL, 2880, 2, '1h', 'pullback', 'choppy', 'Clean breakout above consolidation on rising volume', 'Stopped out on adverse move', 5, 3, 3, 3, 60.9, NULL, NULL, NULL, NULL, NULL, NULL, 'trade', NULL, NULL, 0),
    (1, 'AAPL', 'stocks', 'long', '2025-12-19T15:00:00', 7448, 116.0, 230, '2025-12-19T15:30:00', 7429, 373, 7391, 7540, 6592, -2204, -2807, -0.324896, -0.425819, NULL, NULL, NULL, NULL, 30, 3, '15m', 'news', 'choppy', 'News-driven momentum after strong earnings beat', 'Target hit at resistance', 8, 4, 5, 3, 66.1, NULL, NULL, NULL, NULL, NULL, NULL, 'trade', NULL, NULL, 0),
    (1, 'USDJPY', 'forex', 'long', '2025-12-22T13:45:00', 123791, 1.0, 366, '2025-12-22T14:45:00', 108214, 238, 98946, 183385, 24845, -15577, -16181, -13.071225, -0.651278, NULL, NULL, NULL, NULL, 60, 2, '15m', 'breakout', 'choppy', 'Pullback to 20-EMA with bullish confirmation candle', 'Closed on exhaustion candle', 5, 4, 3, 2, 88.1, NULL, NULL, NULL, NULL, NULL, NULL, 'trade', NULL, NULL, 0),
    (1, 'AAPL', 'stocks', 'long', '2025-12-23T13:30:00', 18611, 143.0, 269, '2025-12-23T15:00:00', 18633, 220, 18575, 18669, 5089, 3146, 2657, 0.099836, 0.522107, NULL, NULL, NULL, NULL, 90, 1, '15m', 'breakout', 'volatile', 'Mean reversion from oversold RSI in ranging market', 'Stopped out on adverse move', 7, 4, 4, 4, 78.6, NULL, NULL, NULL, NULL, NULL, NULL, 'trade', NULL, NULL, 0),
    (1, 'MSFT', 'stocks', 'short', '2025-12-24T15:05:00', 24042, 112.0, 260, '2025-12-24T16:35:00', 23922, 318, 24121, 23920, 8797, 13440, 12862, 0.477661, 1.462089, NULL, NULL, NULL, NULL, 90, 2, '4h', 'news', 'volatile', 'Mean reversion from oversold RSI in ranging market', 'Target hit at resistance', 6, 4, 3, 4, 64.6, NULL, NULL, NULL, NULL, NULL, NULL, 'trade', NULL, NULL, 0),
    (1, 'NVDA', 'stocks', 'long', '2025-12-25T15:05:00', 30278, 142.0, 315, '2025-12-25T16:05:00', 30368, 185, 30217, 30429, 8704, 12780, 12280, 0.285616, 1.410846, NULL, NULL, NULL, NULL, 60, 2, 'D', 'news', 'ranging', 'Trend continuation after bull flag resolution', 'Trailing stop triggered', 6, 2, 3, 4, 79.3, NULL, NULL, NULL, NULL, NULL, NULL, 'trade', NULL, NULL, 0),
    (1, 'NVDA', 'stocks', 'long', '2025-12-26T14:15:00', 9150, 86.0, 260, '2025-12-26T15:15:00', 8962, 106, 8892, 9683, 22197, -16168, -16534, -2.101156, -0.744875, NULL, NULL, NULL, NULL, 60, 2, '1h', 'news', 'volatile', 'Mean reversion from oversold RSI in ranging market', 'Scaled out into strength', 9, 5, 3, 3, 95.7, NULL, NULL, NULL, NULL, NULL, NULL, 'trade', NULL, NULL, 0),
    (1, 'EURUSD', 'forex', 'long', '2025-12-29T11:00:00', 115142, 5.0, 340, '2025-12-29T13:00:00', 117548, 353, 113058, 118770, 10419, 12030, 11337, 1.969221, 1.088108, NULL, NULL, NULL, NULL, 120, 3, 'D', 'news', 'ranging', 'Clean breakout above consolidation on rising volume', 'Trailing stop triggered', 7, 5, 2, 4, 94.3, NULL, NULL, NULL, NULL, NULL, NULL, 'trade', NULL, NULL, 0),
    (1, 'AAPL', 'stocks', 'short', '2025-12-30T13:45:00', 6164, 46.0, 306, '2025-12-30T17:45:00', 6097, 311, 6298, 5951, 6174, 3082, 2465, 0.869354, 0.399255, NULL, NULL, NULL, NULL, 240, 3, '1h', 'news', 'volatile', 'Double bottom reversal at key support', 'Target hit at resistance', 5, 5, 4, 4, 82.4, NULL, NULL, NULL, NULL, NULL, NULL, 'trade', NULL, NULL, 0),
    (1, 'GBPUSD', 'forex', 'short', '2025-12-31T15:15:00', 121904, 4.0, 158, '2025-12-31T21:15:00', 119076, 149, 124970, 115362, 12266, 11312, 11005, 2.256899, 0.897195, NULL, NULL, NULL, NULL, 360, 3, '15m', 'breakout', 'ranging', 'News-driven momentum after strong earnings beat', 'Stopped out on adverse move', 9, 5, 2, 4, 70.2, NULL, NULL, NULL, NULL, NULL, NULL, 'trade', NULL, NULL, 0),
    (1, 'AAPL', 'stocks', 'short', '2026-01-01T15:45:00', 30748, 75.0, 334, '2026-01-01T16:45:00', 30531, 197, 30962, 30229, 16073, 16275, 15744, 0.682711, 0.979531, NULL, NULL, NULL, NULL, 60, 2, 'D', 'pullback', 'choppy', 'Clean breakout above consolidation on rising volume', 'Closed on exhaustion candle', 9, 2, 5, 4, 93.6, NULL, NULL, NULL, NULL, NULL, NULL, 'trade', NULL, NULL, 0),
    (1, 'META', 'stocks', 'short', '2026-01-02T12:30:00', 16613, 64.0, 165, '2026-01-02T14:30:00', 16819, 153, 16889, 16110, 17694, -13184, -13502, -1.269902, -0.763084, NULL, NULL, NULL, NULL, 120, 2, 'D', 'reversal', 'volatile', 'News-driven momentum after strong earnings beat', 'Stopped out on adverse move', 5, 5, 4, 3, 81.9, NULL, NULL, NULL, NULL, NULL, NULL, 'trade', NULL, NULL, 0),
    (1, 'AMZN', 'stocks', 'short', '2026-01-05T10:45:00', 19243, 71.0, 207, '2026-01-05T16:45:00', 19347, 248, 19473, 18735, 16314, -7384, -7839, -0.573759, -0.480508, NULL, NULL, NULL, NULL, 360, 3, '15m', 'reversal', 'choppy', 'Trend continuation after bull flag resolution', 'Closed on exhaustion candle', 9, 5, 4, 2, 92.3, NULL, NULL, NULL, NULL, NULL, NULL, 'trade', NULL, NULL, 0),
    (1, 'AAPL', 'stocks', 'long', '2026-01-06T09:15:00', 8477, 34.0, 202, '2026-01-06T11:15:00', 8245, 236, 8175, 8974, 10273, -7888, -8326, -2.888786, -0.810474, NULL, NULL, NULL, NULL, 120, 3, '15m', 'reversal', 'choppy', 'Clean breakout above consolidation on rising volume', 'Closed on exhaustion candle', 9, 3, 5, 1, 80.4, NULL, NULL, NULL, NULL, NULL, NULL, 'trade', NULL, NULL, 0),
    (1, 'ETHUSD', 'crypto', 'short', '2026-01-07T10:45:00', 1697047, 0.25, 298, '2026-01-09T10:45:00', 1720963, 313, 1758027, 1560228, 15245, -5979, -6590, -1.553286, -0.432273, NULL, NULL, NULL, NULL, 2880, 1, '4h', 'pullback', 'ranging', 'Double bottom reversal at key support', 'Trailing stop triggered', 5, 2, 3, 1, 89.4, NULL, NULL, NULL, NULL, NULL, NULL, 'trade', NULL, NULL, 0),
    (1, 'AAPL', 'stocks', 'long', '2026-01-08T09:05:00', 22317, 53.0, 182, '2026-01-08T15:05:00', 22593, 399, 22065, 22931, 13356, 14628, 14047, 1.187605, 1.051737, NULL, NULL, NULL, NULL, 360, 3, '15m', 'reversal', 'choppy', 'Trend continuation after bull flag resolution', 'Closed on exhaustion candle', 6, 2, 4, 4, 81.0, NULL, NULL, NULL, NULL, NULL, NULL, 'trade', NULL, NULL, 0),
    (1, 'QQQ 420C', 'options', 'long', '2026-01-09T14:15:00', 1234, 10.0, 312, '2026-01-09T20:15:00', 3312, 378, 1, 6620, 22597, 20780, 20090, 162.80389, 0.889056, NULL, NULL, NULL, NULL, 360, 2, '4h', 'pullback', 'choppy', 'Trend continuation after bull flag resolution', 'Scaled out into strength', 4, 2, 4, 4, 77.8, NULL, NULL, 'call', 48994, '2026-02-08', 43.89, 'trade', NULL, NULL, 0),
    (1, 'GBPUSD', 'forex', 'long', '2026-01-12T15:15:00', 136090, 1.0, 297, '2026-01-14T15:15:00', 127201, 231, 113388, 181877, 22702, -8889, -9417, -6.919686, -0.414809, NULL, NULL, NULL, NULL, 2880, 2, '15m', 'reversal', 'ranging', 'Double bottom reversal at key support', 'Closed on exhaustion candle', 4, 2, 3, 3, 81.3, NULL, NULL, NULL, NULL, NULL, NULL, 'trade', NULL, NULL, 0),
    (1, 'EURUSD', 'forex', 'short', '2026-01-13T15:30:00', 135348, 2.0, 317, '2026-01-13T16:30:00', 126992, 153, 141216, 120818, 11736, 16712, 16242, 6.000089, 1.383947, NULL, NULL, NULL, NULL, 60, 3, '1h', 'breakout', 'choppy', 'Mean reversion from oversold RSI in ranging market', 'Time-based exit ahead of weekend', 4, 2, 2, 4, 62.2, NULL, NULL, NULL, NULL, NULL, NULL, 'trade', NULL, NULL, 0),
    (1, 'BTCUSD', 'crypto', 'long', '2026-01-14T14:00:00', 2454814, 0.15, 308, '2026-01-14T14:30:00', 2371841, 298, 2322934, 2654862, 19782, -12446, -13052, -3.5446, -0.659792, NULL, NULL, NULL, NULL, 30, 3, '15m', 'breakout', 'trending', 'Double bottom reversal at key support', 'Closed on exhaustion candle', 4, 4, 4, 3, 63.5, NULL, NULL, NULL, NULL, NULL, NULL, 'trade', NULL, NULL, 0),
    (1, 'ETHUSD', 'crypto', 'long', '2026-01-15T15:45:00', 4948231, 0.05, 342, '2026-01-15T19:45:00', 5608551, 180, 4498631, 5980859, 22480, 33016, 32494, 13.133582, 1.445463, NULL, NULL, NULL, NULL, 240, 3, '1h', 'reversal', 'volatile', 'Clean breakout above consolidation on rising volume', 'Closed on exhaustion candle', 8, 3, 2, 4, 61.7, NULL, NULL, NULL, NULL, NULL, NULL, 'trade', NULL, NULL, 0),
    (1, 'GBPUSD', 'forex', 'long', '2026-01-16T10:05:00', 112789, 3.0, 207, '2026-01-16T12:05:00', 118140, 276, 108810, 120797, 11938, 16053, 15570, 4.601513, 1.304239, NULL, NULL, NULL, NULL, 120, 3, '4h', 'pullback', 'trending', 'Pullback to 20-EMA with bullish confirmation candle', 'Scaled out into strength', 8, 2, 5, 4, 85.8, NULL, NULL, NULL, NULL, NULL, NULL, 'trade', NULL, NULL, 0),
    (1, 'AMZN', 'stocks', 'long', '2026-01-19T11:45:00', 11435, 70.0, 397, '2026-01-19T12:45:00', 11749, 349, 11209, 11827, 15841, 21980, 21234, 2.652758, 1.340446, NULL, NULL, NULL, NULL, 60, 1, '4h', 'news', 'choppy', 'Double bottom reversal at key support', 'Closed on exhaustion candle', 9, 4, 3, 4, 82.6, NULL, NULL, NULL, NULL, NULL, NULL, 'trade', NULL, NULL, 0),
    (1, 'TSLA', 'stocks', 'short', '2026-01-20T11:05:00', 16051, 21.0, 260, '2026-01-20T17:05:00', 16486, 226, 16635, 15013, 12258, -9135, -9621, -2.854295, -0.784875, NULL, NULL, NULL, NULL, 360, 2, 'D', 'news', 'volatile', 'Double bottom reversal at key support', 'Trailing stop triggered', 8, 2, 3, 3, 84.3, NULL, NULL, NULL, NULL, NULL, NULL, 'trade', NULL, NULL, 0),
    (1, 'BTCUSD', 'crypto', 'short', '2026-01-21T13:30:00', 2323895, 0.15, 139, '2026-01-21T15:30:00', 2351182, 138, 2361295, 2237402, 5610, -4093, -4370, -1.253642, -0.778966, NULL, NULL, NULL, NULL, 120, 1, '4h', 'news', 'ranging', 'Double bottom reversal at key support', 'Trailing stop triggered', 5, 4, 3, 2, 80.0, NULL, NULL, NULL, NULL, NULL, NULL, 'trade', NULL, NULL, 0),
    (1, 'TSLA', 'stocks', 'long', '2026-01-22T15:05:00', 20655, 62.0, 363, '2026-01-24T15:05:00', 21041, 171, 20339, 21308, 19621, 23932, 23398, 1.827098, 1.192498, NULL, NULL, NULL, NULL, 2880, 2, '15m', 'pullback', 'choppy', 'Pullback to 20-EMA with bullish confirmation candle', 'Target hit at resistance', 6, 4, 3, 4, 61.7, NULL, NULL, NULL, NULL, NULL, NULL, 'trade', NULL, NULL, 0),
    (1, 'TSLA', 'stocks', 'long', '2026-01-23T15:15:00', 34795, 31.0, 120, '2026-01-23T16:45:00', 34615, 265, 34525, 35424, 8382, -5580, -5965, -0.553009, -0.711644, NULL, NULL, NULL, NULL, 90, 2, 'D', 'reversal', 'trending', 'Trend continuation after bull flag resolution', 'Time-based exit ahead of weekend', 7, 3, 5, 2, 92.7, NULL, NULL, NULL, NULL, NULL, NULL, 'trade', NULL, NULL, 0),
    (1, 'NVDA', 'stocks', 'short', '2026-01-26T10:05:00', 5432, 148.0, 171, '2026-01-26T11:35:00', 5350, 325, 5502, 5307, 10426, 12136, 11640, 1.447876, 1.11644, NULL, NULL, NULL, NULL, 90, 2, '15m', 'pullback', 'choppy', 'Double bottom reversal at key support', 'Scaled out into strength', 4, 5, 5, 4, 79.2, NULL, NULL, NULL, NULL, NULL, NULL, 'trade', NULL, NULL, 0),
    (1, 'USDJPY', 'forex', 'short', '2026-01-27T13:05:00', 110735, 2.0, 122, '2026-01-27T13:35:00', 116311, 165, 122631, 86793, 23792, -11152, -11439, -5.165034, -0.480792, NULL, NULL, NULL, NULL, 30, 1, '4h', 'pullback', 'choppy', 'Trend continuation after bull flag resolution', 'Closed on exhaustion candle', 9, 2, 4, 1, 68.7, NULL, NULL, NULL, NULL, NULL, NULL, 'trade', NULL, NULL, 0),
    (1, 'GBPUSD', 'forex', 'short', '2026-01-28T11:05:00', 115589, 2.0, 310, '2026-01-28T17:05:00', 121481, 173, 127635, 89574, 24092, -11784, -12267, -5.306301, -0.509173, NULL, NULL, NULL, NULL, 360, 2, '15m', 'pullback', 'choppy', 'News-driven momentum after strong earnings beat', 'Stopped out on adverse move', 4, 2, 3, 3, 94.4, NULL, NULL, NULL, NULL, NULL, NULL, 'trade', NULL, NULL, 0),
    (1, 'NVDA', 'stocks', 'short', '2026-01-29T10:45:00', 11311, 65.0, 343, '2026-01-29T11:15:00', 11109, 119, 11656, 10627, 22413, 13130, 12668, 1.723033, 0.565208, NULL, NULL, NULL, NULL, 30, 3, 'D', 'news', 'volatile', 'Clean breakout above consolidation on rising volume', 'Scaled out into strength', 8, 5, 3, 4, 97.5, NULL, NULL, NULL, NULL, NULL, NULL, 'trade', NULL, NULL, 0),
    (1, 'NVDA', 'stocks', 'long', '2026-01-30T13:45:00', 11403, 128.0, 168, '2026-01-31T13:45:00', 11254, 230, 11242, 11658, 20634, -19072, -19470, -1.333942, -0.943588, NULL, NULL, NULL, NULL, 1440, 2, '1h', 'breakout', 'trending', 'Trend continuation after bull flag resolution', 'Closed on exhaustion candle', 4, 2, 5, 3, 68.2, NULL, NULL, NULL, NULL, NULL, NULL, 'trade', NULL, NULL, 0),
    (1, 'ETHUSD', 'crypto', 'long', '2026-02-02T11:30:00', 2149188, 0.25, 399, '2026-02-02T13:30:00', 2116216, 229, 2094940, 2250395, 13562, -8243, -8871, -1.651042, -0.654107, NULL, NULL, NULL, NULL, 120, 2, 'D', 'pullback', 'volatile', 'Trend continuation after bull flag resolution', 'Closed on exhaustion candle', 7, 4, 4, 3, 73.8, NULL, NULL, NULL, NULL, NULL, NULL, 'trade', NULL, NULL, 0),
    (1, 'USDJPY', 'forex', 'long', '2026-02-03T15:45:00', 138305, 1.0, 217, '2026-02-03T16:15:00', 150301, 328, 128004, 161854, 10301, 11996, 11451, 8.279527, 1.11164, NULL, NULL, NULL, NULL, 30, 1, 'D', 'breakout', 'trending', 'Pullback to 20-EMA with bullish confirmation candle', 'Trailing stop triggered', 8, 5, 2, 4, 62.6, NULL, NULL, NULL, NULL, NULL, NULL, 'trade', NULL, NULL, 0),
    (1, 'AAPL', 'stocks', 'long', '2026-02-04T12:30:00', 30187, 122.0, 366, '2026-02-04T13:00:00', 30491, 246, 29986, 30524, 24577, 37088, 36476, 0.990438, 1.484152, NULL, NULL, NULL, NULL, 30, 1, '4h', 'pullback', 'trending', 'Trend continuation after bull flag resolution', 'Closed on exhaustion candle', 8, 3, 3, 4, 87.0, NULL, NULL, NULL, NULL, NULL, NULL, 'trade', NULL, NULL, 0),
    (1, 'AMZN', 'stocks', 'long', '2026-02-05T09:00:00', 15318, 42.0, 241, '2026-02-05T10:00:00', 15077, 304, 14923, 15990, 16571, -10122, -10667, -1.658024, -0.643715, NULL, NULL, NULL, NULL, 60, 3, '4h', 'reversal', 'volatile', 'Double bottom reversal at key support', 'Stopped out on adverse move', 8, 3, 5, 2, 83.0, NULL, NULL, NULL, NULL, NULL, NULL, 'trade', NULL, NULL, 0),
    (1, 'NVDA', 'stocks', 'long', '2026-02-06T15:45:00', 9743, 148.0, 250, '2026-02-06T19:45:00', 9688, 274, 9683, 9886, 8834, -8140, -8664, -0.600847, -0.980756, NULL, NULL, NULL, NULL, 240, 3, 'D', 'news', 'choppy', 'Pullback to 20-EMA with bullish confirmation candle', 'Time-based exit ahead of weekend', 7, 5, 2, 2, 64.7, NULL, NULL, NULL, NULL, NULL, NULL, 'trade', NULL, NULL, 0),
    (1, 'AMZN', 'stocks', 'short', '2026-02-09T10:15:00', 19442, 78.0, 261, '2026-02-09T11:15:00', 19347, 311, 19654, 18948, 16570, 7410, 6838, 0.450914, 0.412674, NULL, NULL, NULL, NULL, 60, 2, '4h', 'breakout', 'ranging', 'News-driven momentum after strong earnings beat', 'Time-based exit ahead of weekend', 6, 3, 4, 4, 67.3, NULL, NULL, NULL, NULL, NULL, NULL, 'trade', NULL, NULL, 0),
    (1, 'EURUSD', 'forex', 'long', '2026-02-10T11:05:00', 116542, 2.0, 223, '2026-02-10T12:05:00', 126008, 235, 110654, 130298, 11775, 18932, 18474, 7.925898, 1.568917, NULL, NULL, NULL, NULL, 60, 1, '15m', 'news', 'trending', 'Trend continuation after bull flag resolution', 'Target hit at resistance', 7, 4, 4, 4, 79.7, NULL, NULL, NULL, NULL, NULL, NULL, 'trade', NULL, NULL, 0),
    (1, 'QQQ 420C', 'options', 'short', '2026-02-11T15:30:00', 1205, 10.0, 361, '2026-02-13T15:30:00', 602, 243, 3009, 1, 18037, 6030, 5426, 45.029046, 0.300826, NULL, NULL, NULL, NULL, 2880, 3, '15m', 'reversal', 'choppy', 'Mean reversion from oversold RSI in ranging market', 'Stopped out on adverse move', 7, 2, 5, 4, 72.6, NULL, NULL, 'call', 45137, '2026-03-13', 18.32, 'trade', NULL, NULL, 0),
    (1, 'META', 'stocks', 'long', '2026-02-12T11:05:00', 28697, 86.0, 195, '2026-02-14T11:05:00', 28871, 380, 28539, 29031, 13613, 14964, 14389, 0.583036, 1.057004, NULL, NULL, NULL, NULL, 2880, 2, '1h', 'news', 'volatile', 'Double bottom reversal at key support', 'Trailing stop triggered', 6, 5, 3, 4, 82.9, NULL, NULL, NULL, NULL, NULL, NULL, 'trade', NULL, NULL, 0),
    (1, 'QQQ 420C', 'options', 'long', '2026-02-13T14:05:00', 404, 28.0, 238, '2026-02-15T14:05:00', 1194, 220, 1, 1767, 23197, 22120, 21662, 191.495757, 0.933828, NULL, NULL, NULL, NULL, 2880, 1, '1h', 'news', 'choppy', 'Pullback to 20-EMA with bullish confirmation candle', 'Scaled out into strength', 8, 4, 5, 4, 72.0, NULL, NULL, 'call', 54210, '2026-03-15', 41.18, 'trade', NULL, NULL, 0),
    (1, 'AAPL', 'stocks', 'short', '2026-02-16T13:45:00', 8934, 75.0, 230, '2026-02-16T17:45:00', 8832, 343, 9043, 8731, 8155, 7650, 7077, 1.05619, 0.867811, NULL, NULL, NULL, NULL, 240, 2, '15m', 'news', 'trending', 'Double bottom reversal at key support', 'Scaled out into strength', 8, 3, 3, 4, 99.2, NULL, NULL, NULL, NULL, NULL, NULL, 'trade', NULL, NULL, 0),
    (1, 'TSLA', 'stocks', 'short', '2026-02-17T14:15:00', 36948, 134.0, 140, '2026-02-18T14:15:00', 36758, 295, 37055, 36695, 14388, 25460, 25025, 0.50545, 1.739297, NULL, NULL, NULL, NULL, 1440, 3, 'D', 'breakout', 'trending', 'Pullback to 20-EMA with bullish confirmation candle', 'Time-based exit ahead of weekend', 5, 4, 4, 4, 86.1, NULL, NULL, NULL, NULL, NULL, NULL, 'trade', NULL, NULL, 0),
    (1, 'USDJPY', 'forex', 'long', '2026-02-18T09:05:00', 118888, 4.0, 285, '2026-02-18T11:05:00', 115482, 400, 113370, 128180, 22070, -13624, -14309, -3.008924, -0.648346, NULL, NULL, NULL, NULL, 120, 3, '4h', 'breakout', 'ranging', 'Pullback to 20-EMA with bullish confirmation candle', 'Trailing stop triggered', 4, 2, 2, 2, 81.9, NULL, NULL, NULL, NULL, NULL, NULL, 'trade', NULL, NULL, 0),
    (1, 'NVDA', 'stocks', 'long', '2026-02-19T10:15:00', 10455, 46.0, 234, '2026-02-21T10:15:00', 10307, 179, 10286, 10761, 7762, -6808, -7221, -1.501466, -0.930301, NULL, NULL, NULL, NULL, 2880, 3, '1h', 'pullback', 'ranging', 'Clean breakout above consolidation on rising volume', 'Target hit at resistance', 9, 4, 4, 2, 78.7, NULL, NULL, NULL, NULL, NULL, NULL, 'trade', NULL, NULL, 0),
    (1, 'ETHUSD', 'crypto', 'long', '2026-02-20T11:30:00', 2066712, 0.5, 190, '2026-02-20T13:30:00', 2128604, 333, 2019752, 2162219, 23480, 30946, 30423, 2.944097, 1.295698, NULL, NULL, NULL, NULL, 120, 1, 'D', 'reversal', 'volatile', 'News-driven momentum after strong earnings beat', 'Time-based exit ahead of weekend', 5, 4, 2, 4, 60.0, NULL, NULL, NULL, NULL, NULL, NULL, 'trade', NULL, NULL, 0),
    (1, 'BTCUSD', 'crypto', 'long', '2026-04-13T15:30:00', 3467958, 0.5, 104, NULL, NULL, 0, 3425720, 3552434, 21119, NULL, NULL, NULL, NULL, NULL, NULL, NULL, NULL, NULL, 2, '15m', 'news', 'volatile', 'Trend continuation after bull flag resolution', NULL, 5, 2, 4, NULL, NULL, NULL, NULL, NULL, NULL, NULL, NULL, 'trade', NULL, NULL, 1),
    (1, 'META', 'stocks', 'long', '2026-04-12T10:15:00', 21377, 61.0, 299, NULL, NULL, 0, 21092, 21947, 17398, NULL, NULL, NULL, NULL, NULL, NULL, NULL, NULL, NULL, 1, 'D', 'pullback', 'volatile', 'Double bottom reversal at key support', NULL, 9, 4, 5, NULL, NULL, NULL, NULL, NULL, NULL, NULL, NULL, 'trade', NULL, NULL, 1),
    (1, 'AAPL', 'stocks', 'long', '2026-04-10T11:45:00', 23978, 48.0, 333, NULL, NULL, 0, 23565, 24804, 19836, NULL, NULL, NULL, NULL, NULL, NULL, NULL, NULL, NULL, 2, '1h', 'reversal', 'trending', 'Pullback to 20-EMA with bullish confirmation candle', NULL, 4, 2, 3, NULL, NULL, NULL, NULL, NULL, NULL, NULL, NULL, 'trade', NULL, NULL, 1),
    (1, 'SPY 495P', 'options', 'long', '2026-04-08T09:05:00', 1097, 28.0, 104, NULL, NULL, 0, 646, 1999, 12628, NULL, NULL, NULL, NULL, NULL, NULL, NULL, NULL, NULL, 1, 'D', 'pullback', 'volatile', 'News-driven momentum after strong earnings beat', NULL, 6, 5, 4, NULL, NULL, NULL, NULL, 'put', 52597, '2026-05-08', 36.82, 'trade', NULL, NULL, 1),
    (1, 'AAPL', 'stocks', 'short', '2026-04-06T09:45:00', 14574, 34.0, 236, NULL, NULL, 0, 15099, 13524, 17858, NULL, NULL, NULL, NULL, NULL, NULL, NULL, NULL, NULL, 2, '1h', 'pullback', 'volatile', 'News-driven momentum after strong earnings beat', NULL, 4, 2, 3, NULL, NULL, NULL, NULL, NULL, NULL, NULL, NULL, 'trade', NULL, NULL, 1);

-- 44 trade/tag associations
INSERT INTO trade_tags (trade_id, tag_id) VALUES
    (1, 4),
    (1, 5),
    (3, 4),
    (6, 4),
    (6, 5),
    (10, 1),
    (10, 3),
    (11, 2),
    (13, 1),
    (13, 3),
    (14, 1),
    (14, 2),
    (16, 5),
    (18, 4),
    (19, 3),
    (23, 1),
    (24, 3),
    (30, 5),
    (31, 3),
    (38, 3),
    (41, 3),
    (42, 2),
    (42, 3),
    (43, 1),
    (43, 2),
    (45, 5),
    (49, 2),
    (49, 3),
    (50, 1),
    (50, 3),
    (51, 2),
    (53, 4),
    (54, 1),
    (55, 3),
    (58, 2),
    (59, 3),
    (64, 3),
    (65, 2),
    (65, 5),
    (66, 2),
    (66, 5),
    (68, 3),
    (69, 4),
    (78, 5);

-- 166 account snapshots
INSERT INTO account_snapshots (account_id, date, balance, equity, note) VALUES
    (1, '2025-11-01', 1000000, 1000000, NULL),
    (1, '2025-11-02', 1000000, 1000000, NULL),
    (1, '2025-11-03', 1000000, 1000000, NULL),
    (1, '2025-11-04', 1008341, 1008341, NULL),
    (1, '2025-11-05', 990509, 990509, NULL),
    (1, '2025-11-06', 998704, 998704, NULL),
    (1, '2025-11-07', 987664, 987664, NULL),
    (1, '2025-11-08', 987664, 987664, NULL),
    (1, '2025-11-09', 987664, 987664, NULL),
    (1, '2025-11-10', 987664, 987664, NULL),
    (1, '2025-11-11', 996740, 996740, NULL),
    (1, '2025-11-12', 963984, 963984, NULL),
    (1, '2025-11-13', 975441, 975441, NULL),
    (1, '2025-11-14', 982641, 982641, NULL),
    (1, '2025-11-15', 982641, 982641, NULL),
    (1, '2025-11-16', 982641, 982641, NULL),
    (1, '2025-11-17', 982641, 982641, NULL),
    (1, '2025-11-18', 992053, 992053, NULL),
    (1, '2025-11-19', 1009474, 1009474, NULL),
    (1, '2025-11-20', 1037520, 1037520, NULL),
    (1, '2025-11-21', 1046053, 1046053, NULL),
    (1, '2025-11-22', 1046053, 1046053, NULL),
    (1, '2025-11-23', 1046053, 1046053, NULL),
    (1, '2025-11-24', 1035080, 1035080, NULL),
    (1, '2025-11-25', 1048698, 1048698, NULL),
    (1, '2025-11-26', 1045566, 1045566, NULL),
    (1, '2025-11-27', 1050211, 1050211, NULL),
    (1, '2025-11-28', 1059747, 1059747, NULL),
    (1, '2025-11-29', 1059747, 1059747, NULL),
    (1, '2025-11-30', 1059747, 1059747, NULL),
    (1, '2025-12-01', 1050595, 1050595, NULL),
    (1, '2025-12-02', 1032227, 1032227, NULL),
    (1, '2025-12-03', 1032227, 1032227, NULL),
    (1, '2025-12-04', 1052125, 1052125, NULL),
    (1, '2025-12-05', 1064459, 1064459, NULL),
    (1, '2025-12-06', 1064459, 1064459, NULL),
    (1, '2025-12-07', 1064459, 1064459, NULL),
    (1, '2025-12-08', 1058106, 1058106, NULL),
    (1, '2025-12-09', 1065595, 1065595, NULL),
    (1, '2025-12-10', 1065595, 1065595, NULL),
    (1, '2025-12-11', 1053885, 1053885, NULL),
    (1, '2025-12-12', 1045741, 1045741, NULL),
    (1, '2025-12-13', 1045741, 1045741, NULL),
    (1, '2025-12-14', 1045741, 1045741, NULL),
    (1, '2025-12-15', 1059686, 1059686, NULL),
    (1, '2025-12-16', 1069481, 1069481, NULL),
    (1, '2025-12-17', 1090224, 1090224, NULL),
    (1, '2025-12-18', 1090224, 1090224, NULL),
    (1, '2025-12-19', 1087417, 1087417, NULL),
    (1, '2025-12-20', 1074128, 1074128, NULL),
    (1, '2025-12-21', 1074128, 1074128, NULL),
    (1, '2025-12-22', 1057947, 1057947, NULL),
    (1, '2025-12-23', 1060604, 1060604, NULL),
    (1, '2025-12-24', 1073466, 1073466, NULL),
    (1, '2025-12-25', 1085746, 1085746, NULL),
    (1, '2025-12-26', 1069212, 1069212, NULL),
    (1, '2025-12-27', 1069212, 1069212, NULL),
    (1, '2025-12-28', 1069212, 1069212, NULL),
    (1, '2025-12-29', 1080549, 1080549, NULL),
    (1, '2025-12-30', 1083014, 1083014, NULL),
    (1, '2025-12-31', 1094019, 1094019, NULL),
    (1, '2026-01-01', 1109763, 1109763, NULL),
    (1, '2026-01-02', 1096261, 1096261, NULL),
    (1, '2026-01-03', 1096261, 1096261, NULL),
    (1, '2026-01-04', 1096261, 1096261, NULL),
    (1, '2026-01-05', 1088422, 1088422, NULL),
    (1, '2026-01-06', 1080096, 1080096, NULL),
    (1, '2026-01-07', 1080096, 1080096, NULL),
    (1, '2026-01-08', 1094143, 1094143, NULL),
    (1, '2026-01-09', 1107643, 1107643, NULL),
    (1, '2026-01-10', 1107643, 1107643, NULL),
    (1, '2026-01-11', 1107643, 1107643, NULL),
    (1, '2026-01-12', 1107643, 1107643, NULL),
    (1, '2026-01-13', 1123885, 1123885, NULL),
    (1, '2026-01-14', 1101416, 1101416, NULL),
    (1, '2026-01-15', 1133910, 1133910, NULL),
    (1, '2026-01-16', 1149480, 1149480, NULL),
    (1, '2026-01-17', 1149480, 1149480, NULL),
    (1, '2026-01-18', 1149480, 1149480, NULL),
    (1, '2026-01-19', 1170714, 1170714, NULL),
    (1, '2026-01-20', 1161093, 1161093, NULL),
    (1, '2026-01-21', 1156723, 1156723, NULL),
    (1, '2026-01-22', 1156723, 1156723, NULL),
    (1, '2026-01-23', 1150758, 1150758, NULL),
    (1, '2026-01-24', 1174156, 1174156, NULL),
    (1, '2026-01-25', 1174156, 1174156, NULL),
    (1, '2026-01-26', 1185796, 1185796, NULL),
    (1, '2026-01-27', 1174357, 1174357, NULL),
    (1, '2026-01-28', 1162090, 1162090, NULL),
    (1, '2026-01-29', 1174758, 1174758, NULL),
    (1, '2026-01-30', 1174758, 1174758, NULL),
    (1, '2026-01-31', 1155288, 1155288, NULL),
    (1, '2026-02-01', 1155288, 1155288, NULL),
    (1, '2026-02-02', 1146417, 1146417, NULL),
    (1, '2026-02-03', 1157868, 1157868, NULL),
    (1, '2026-02-04', 1194344, 1194344, NULL),
    (1, '2026-02-05', 1183677, 1183677, NULL),
    (1, '2026-02-06', 1175013, 1175013, NULL),
    (1, '2026-02-07', 1175013, 1175013, NULL),
    (1, '2026-02-08', 1175013, 1175013, NULL),
    (1, '2026-02-09', 1181851, 1181851, NULL),
    (1, '2026-02-10', 1200325, 1200325, NULL),
    (1, '2026-02-11', 1200325, 1200325, NULL),
    (1, '2026-02-12', 1200325, 1200325, NULL),
    (1, '2026-02-13', 1205751, 1205751, NULL),
    (1, '2026-02-14', 1220140, 1220140, NULL),
    (1, '2026-02-15', 1241802, 1241802, NULL),
    (1, '2026-02-16', 1248879, 1248879, NULL),
    (1, '2026-02-17', 1248879, 1248879, NULL),
    (1, '2026-02-18', 1259595, 1259595, NULL),
    (1, '2026-02-19', 1259595, 1259595, NULL),
    (1, '2026-02-20', 1290018, 1290018, NULL),
    (1, '2026-02-21', 1282797, 1282797, NULL),
    (1, '2026-02-22', 1282797, 1282797, NULL),
    (1, '2026-02-23', 1282797, 1282797, NULL),
    (1, '2026-02-24', 1282797, 1282797, NULL),
    (1, '2026-02-25', 1282797, 1282797, NULL),
    (1, '2026-02-26', 1282797, 1282797, NULL),
    (1, '2026-02-27', 1282797, 1282797, NULL),
    (1, '2026-02-28', 1282797, 1282797, NULL),
    (1, '2026-03-01', 1282797, 1282797, NULL),
    (1, '2026-03-02', 1282797, 1282797, NULL),
    (1, '2026-03-03', 1282797, 1282797, NULL),
    (1, '2026-03-04', 1282797, 1282797, NULL),
    (1, '2026-03-05', 1282797, 1282797, NULL),
    (1, '2026-03-06', 1282797, 1282797, NULL),
    (1, '2026-03-07', 1282797, 1282797, NULL),
    (1, '2026-03-08', 1282797, 1282797, NULL),
    (1, '2026-03-09', 1282797, 1282797, NULL),
    (1, '2026-03-10', 1282797, 1282797, NULL),
    (1, '2026-03-11', 1282797, 1282797, NULL),
    (1, '2026-03-12', 1282797, 1282797, NULL),
    (1, '2026-03-13', 1282797, 1282797, NULL),
    (1, '2026-03-14', 1282797, 1282797, NULL),
    (1, '2026-03-15', 1282797, 1282797, NULL),
    (1, '2026-03-16', 1282797, 1282797, NULL),
    (1, '2026-03-17', 1282797, 1282797, NULL),
    (1, '2026-03-18', 1282797, 1282797, NULL),
    (1, '2026-03-19', 1282797, 1282797, NULL),
    (1, '2026-03-20', 1282797, 1282797, NULL),
    (1, '2026-03-21', 1282797, 1282797, NULL),
    (1, '2026-03-22', 1282797, 1282797, NULL),
    (1, '2026-03-23', 1282797, 1282797, NULL),
    (1, '2026-03-24', 1282797, 1282797, NULL),
    (1, '2026-03-25', 1282797, 1282797, NULL),
    (1, '2026-03-26', 1282797, 1282797, NULL),
    (1, '2026-03-27', 1282797, 1282797, NULL),
    (1, '2026-03-28', 1282797, 1282797, NULL),
    (1, '2026-03-29', 1282797, 1282797, NULL),
    (1, '2026-03-30', 1282797, 1282797, NULL),
    (1, '2026-03-31', 1282797, 1282797, NULL),
    (1, '2026-04-01', 1282797, 1282797, NULL),
    (1, '2026-04-02', 1282797, 1282797, NULL),
    (1, '2026-04-03', 1282797, 1282797, NULL),
    (1, '2026-04-04', 1282797, 1282797, NULL),
    (1, '2026-04-05', 1282797, 1282797, NULL),
    (1, '2026-04-06', 1282797, 1282797, NULL),
    (1, '2026-04-07', 1282797, 1282797, NULL),
    (1, '2026-04-08', 1282797, 1282797, NULL),
    (1, '2026-04-09', 1282797, 1282797, NULL),
    (1, '2026-04-10', 1282797, 1282797, NULL),
    (1, '2026-04-11', 1282797, 1282797, NULL),
    (1, '2026-04-12', 1282797, 1282797, NULL),
    (1, '2026-04-13', 1282797, 1282797, NULL),
    (1, '2026-04-14', 1282797, 1282797, NULL),
    (1, '2026-04-15', 1282797, 1282797, NULL);

-- 69 daily journal entries
INSERT INTO daily_journal (date, market_outlook, plan, review, mood, lessons) VALUES
    ('2026-01-15', 'FOMC day, expect volatility into the print.', 'Max 2 trades, stop at -1R for the day.', 'Clean execution, trailing stop worked well.', 5, 'First hour setup > mid-session chop.'),
    ('2026-01-16', 'Earnings-heavy week, size down until mid-week.', 'Max 2 trades, stop at -1R for the day.', 'Cut winner too early, left money on table.', 3, 'Stick to the checklist, every time.'),
    ('2026-01-19', 'Earnings-heavy week, size down until mid-week.', 'Max 2 trades, stop at -1R for the day.', 'Missed the primary setup, chased a B-grade.', 5, 'First hour setup > mid-session chop.'),
    ('2026-01-20', 'Gap-up open on strong Asia session, fade risk.', 'Trade only A+ breakouts, skip pullbacks.', 'Avoided FOMO entry, proud of the discipline.', 1, 'Revenge trades always cost double.'),
    ('2026-01-21', 'Choppy range — waiting for cleaner setups.', 'Trade only A+ breakouts, skip pullbacks.', 'Cut winner too early, left money on table.', 2, 'Revenge trades always cost double.'),
    ('2026-01-22', 'SPX consolidating under ATH; watching for breakout.', 'Max 2 trades, stop at -1R for the day.', 'Overtraded after early loss, need to stop.', 3, 'Revenge trades always cost double.'),
    ('2026-01-23', 'SPX consolidating under ATH; watching for breakout.', 'Scalp 15m only if volume confirms.', 'Missed the primary setup, chased a B-grade.', 5, 'Stick to the checklist, every time.'),
    ('2026-01-26', 'Risk-off tone — treasuries bid, equities soft.', 'Trade only A+ breakouts, skip pullbacks.', 'Followed plan, banked one clean winner.', 4, 'Sitting out is a position — no shame in flat.'),
    ('2026-01-27', 'Risk-off tone — treasuries bid, equities soft.', 'Max 2 trades, stop at -1R for the day.', 'Missed the primary setup, chased a B-grade.', 5, 'Sitting out is a position — no shame in flat.'),
    ('2026-01-28', 'Risk-off tone — treasuries bid, equities soft.', 'Max 2 trades, stop at -1R for the day.', 'Missed the primary setup, chased a B-grade.', 2, 'First hour setup > mid-session chop.'),
    ('2026-01-29', 'Choppy range — waiting for cleaner setups.', 'Focus on AAPL and NVDA — avoid forex.', 'Avoided FOMO entry, proud of the discipline.', 2, 'Revenge trades always cost double.'),
    ('2026-01-30', 'Gap-up open on strong Asia session, fade risk.', 'Focus on AAPL and NVDA — avoid forex.', 'Clean execution, trailing stop worked well.', 5, 'Journal before noon next day, not same evening.'),
    ('2026-02-02', 'SPX consolidating under ATH; watching for breakout.', 'Paper-trade only, no live entries today.', 'Avoided FOMO entry, proud of the discipline.', 3, 'Journal before noon next day, not same evening.'),
    ('2026-02-03', 'Choppy range — waiting for cleaner setups.', 'Let winners run past 1.5R, no early exits.', 'Followed plan, banked one clean winner.', 5, 'Revenge trades always cost double.'),
    ('2026-02-04', 'FOMC day, expect volatility into the print.', 'Let winners run past 1.5R, no early exits.', 'Clean execution, trailing stop worked well.', 5, 'Volume confirmation is non-negotiable for breakouts.'),
    ('2026-02-05', 'Risk-off tone — treasuries bid, equities soft.', 'Scalp 15m only if volume confirms.', 'Avoided FOMO entry, proud of the discipline.', 5, 'Volume confirmation is non-negotiable for breakouts.'),
    ('2026-02-06', 'Earnings-heavy week, size down until mid-week.', 'Scalp 15m only if volume confirms.', 'Clean execution, trailing stop worked well.', 2, 'Stick to the checklist, every time.'),
    ('2026-02-07', 'Choppy range — waiting for cleaner setups.', 'Paper-trade only, no live entries today.', 'Overtraded after early loss, need to stop.', 3, 'Journal before noon next day, not same evening.'),
    ('2026-02-09', 'SPX consolidating under ATH; watching for breakout.', 'Scalp 15m only if volume confirms.', 'Avoided FOMO entry, proud of the discipline.', 5, 'First hour setup > mid-session chop.'),
    ('2026-02-10', 'Choppy range — waiting for cleaner setups.', 'Paper-trade only, no live entries today.', 'Cut winner too early, left money on table.', 2, 'First hour setup > mid-session chop.'),
    ('2026-02-11', 'FOMC day, expect volatility into the print.', 'Let winners run past 1.5R, no early exits.', 'Overtraded after early loss, need to stop.', 2, 'Volume confirmation is non-negotiable for breakouts.'),
    ('2026-02-12', 'Gap-up open on strong Asia session, fade risk.', 'Paper-trade only, no live entries today.', 'Avoided FOMO entry, proud of the discipline.', 1, 'First hour setup > mid-session chop.'),
    ('2026-02-13', 'FOMC day, expect volatility into the print.', 'Trade only A+ breakouts, skip pullbacks.', 'Clean execution, trailing stop worked well.', 4, 'Journal before noon next day, not same evening.'),
    ('2026-02-14', 'Risk-off tone — treasuries bid, equities soft.', 'Let winners run past 1.5R, no early exits.', 'Cut winner too early, left money on table.', 3, 'First hour setup > mid-session chop.'),
    ('2026-02-16', 'Risk-off tone — treasuries bid, equities soft.', 'Paper-trade only, no live entries today.', 'Cut winner too early, left money on table.', 5, 'Stick to the checklist, every time.'),
    ('2026-02-17', 'Risk-off tone — treasuries bid, equities soft.', 'Focus on AAPL and NVDA — avoid forex.', 'Followed plan, banked one clean winner.', 3, 'First hour setup > mid-session chop.'),
    ('2026-02-18', 'FOMC day, expect volatility into the print.', 'Scalp 15m only if volume confirms.', 'Cut winner too early, left money on table.', 2, 'Journal before noon next day, not same evening.'),
    ('2026-02-19', 'Gap-up open on strong Asia session, fade risk.', 'Let winners run past 1.5R, no early exits.', 'Missed the primary setup, chased a B-grade.', 3, 'Revenge trades always cost double.'),
    ('2026-02-20', 'FOMC day, expect volatility into the print.', 'Paper-trade only, no live entries today.', 'Avoided FOMO entry, proud of the discipline.', 1, 'Revenge trades always cost double.'),
    ('2026-02-23', 'Gap-up open on strong Asia session, fade risk.', 'Paper-trade only, no live entries today.', 'Overtraded after early loss, need to stop.', 4, 'Sitting out is a position — no shame in flat.'),
    ('2026-02-24', 'Risk-off tone — treasuries bid, equities soft.', 'Scalp 15m only if volume confirms.', 'Missed the primary setup, chased a B-grade.', 3, 'Journal before noon next day, not same evening.'),
    ('2026-02-25', 'SPX consolidating under ATH; watching for breakout.', 'Trade only A+ breakouts, skip pullbacks.', 'Avoided FOMO entry, proud of the discipline.', 2, 'Stick to the checklist, every time.'),
    ('2026-02-26', 'Risk-off tone — treasuries bid, equities soft.', 'Max 2 trades, stop at -1R for the day.', 'Followed plan, banked one clean winner.', 3, 'Volume confirmation is non-negotiable for breakouts.'),
    ('2026-02-27', 'FOMC day, expect volatility into the print.', 'Let winners run past 1.5R, no early exits.', 'Clean execution, trailing stop worked well.', 1, 'Sitting out is a position — no shame in flat.'),
    ('2026-03-02', 'Choppy range — waiting for cleaner setups.', 'Paper-trade only, no live entries today.', 'Missed the primary setup, chased a B-grade.', 4, 'Stick to the checklist, every time.'),
    ('2026-03-03', 'Earnings-heavy week, size down until mid-week.', 'Focus on AAPL and NVDA — avoid forex.', 'Avoided FOMO entry, proud of the discipline.', 4, 'Volume confirmation is non-negotiable for breakouts.'),
    ('2026-03-04', 'Gap-up open on strong Asia session, fade risk.', 'Paper-trade only, no live entries today.', 'Avoided FOMO entry, proud of the discipline.', 4, 'Revenge trades always cost double.'),
    ('2026-03-05', 'Risk-off tone — treasuries bid, equities soft.', 'Trade only A+ breakouts, skip pullbacks.', 'Missed the primary setup, chased a B-grade.', 3, 'Journal before noon next day, not same evening.'),
    ('2026-03-06', 'Choppy range — waiting for cleaner setups.', 'Max 2 trades, stop at -1R for the day.', 'Followed plan, banked one clean winner.', 4, 'Volume confirmation is non-negotiable for breakouts.'),
    ('2026-03-07', 'Earnings-heavy week, size down until mid-week.', 'Max 2 trades, stop at -1R for the day.', 'Avoided FOMO entry, proud of the discipline.', 5, 'Journal before noon next day, not same evening.'),
    ('2026-03-09', 'SPX consolidating under ATH; watching for breakout.', 'Trade only A+ breakouts, skip pullbacks.', 'Missed the primary setup, chased a B-grade.', 5, 'Journal before noon next day, not same evening.'),
    ('2026-03-10', 'Gap-up open on strong Asia session, fade risk.', 'Focus on AAPL and NVDA — avoid forex.', 'Clean execution, trailing stop worked well.', 4, 'Journal before noon next day, not same evening.'),
    ('2026-03-11', 'SPX consolidating under ATH; watching for breakout.', 'Max 2 trades, stop at -1R for the day.', 'Clean execution, trailing stop worked well.', 5, 'Stick to the checklist, every time.'),
    ('2026-03-12', 'SPX consolidating under ATH; watching for breakout.', 'Focus on AAPL and NVDA — avoid forex.', 'Overtraded after early loss, need to stop.', 4, 'First hour setup > mid-session chop.'),
    ('2026-03-13', 'Choppy range — waiting for cleaner setups.', 'Scalp 15m only if volume confirms.', 'Followed plan, banked one clean winner.', 1, 'Stick to the checklist, every time.'),
    ('2026-03-16', 'Earnings-heavy week, size down until mid-week.', 'Focus on AAPL and NVDA — avoid forex.', 'Followed plan, banked one clean winner.', 3, 'Revenge trades always cost double.'),
    ('2026-03-17', 'FOMC day, expect volatility into the print.', 'Scalp 15m only if volume confirms.', 'Missed the primary setup, chased a B-grade.', 3, 'Stick to the checklist, every time.'),
    ('2026-03-18', 'FOMC day, expect volatility into the print.', 'Trade only A+ breakouts, skip pullbacks.', 'Avoided FOMO entry, proud of the discipline.', 3, 'First hour setup > mid-session chop.'),
    ('2026-03-19', 'SPX consolidating under ATH; watching for breakout.', 'Paper-trade only, no live entries today.', 'Missed the primary setup, chased a B-grade.', 3, 'Revenge trades always cost double.'),
    ('2026-03-20', 'Gap-up open on strong Asia session, fade risk.', 'Scalp 15m only if volume confirms.', 'Overtraded after early loss, need to stop.', 2, 'First hour setup > mid-session chop.'),
    ('2026-03-23', 'Earnings-heavy week, size down until mid-week.', 'Scalp 15m only if volume confirms.', 'Overtraded after early loss, need to stop.', 4, 'Stick to the checklist, every time.'),
    ('2026-03-24', 'Risk-off tone — treasuries bid, equities soft.', 'Let winners run past 1.5R, no early exits.', 'Missed the primary setup, chased a B-grade.', 5, 'Revenge trades always cost double.'),
    ('2026-03-25', 'Gap-up open on strong Asia session, fade risk.', 'Paper-trade only, no live entries today.', 'Overtraded after early loss, need to stop.', 3, 'Sitting out is a position — no shame in flat.'),
    ('2026-03-26', 'Choppy range — waiting for cleaner setups.', 'Paper-trade only, no live entries today.', 'Avoided FOMO entry, proud of the discipline.', 5, 'Sitting out is a position — no shame in flat.'),
    ('2026-03-27', 'FOMC day, expect volatility into the print.', 'Scalp 15m only if volume confirms.', 'Avoided FOMO entry, proud of the discipline.', 5, 'Sitting out is a position — no shame in flat.'),
    ('2026-03-30', 'Risk-off tone — treasuries bid, equities soft.', 'Scalp 15m only if volume confirms.', 'Cut winner too early, left money on table.', 5, 'Revenge trades always cost double.'),
    ('2026-03-31', 'SPX consolidating under ATH; watching for breakout.', 'Paper-trade only, no live entries today.', 'Cut winner too early, left money on table.', 5, 'Volume confirmation is non-negotiable for breakouts.'),
    ('2026-04-01', 'Risk-off tone — treasuries bid, equities soft.', 'Max 2 trades, stop at -1R for the day.', 'Overtraded after early loss, need to stop.', 4, 'Revenge trades always cost double.'),
    ('2026-04-02', 'Gap-up open on strong Asia session, fade risk.', 'Let winners run past 1.5R, no early exits.', 'Missed the primary setup, chased a B-grade.', 4, 'Journal before noon next day, not same evening.'),
    ('2026-04-03', 'Earnings-heavy week, size down until mid-week.', 'Max 2 trades, stop at -1R for the day.', 'Overtraded after early loss, need to stop.', 5, 'Volume confirmation is non-negotiable for breakouts.'),
    ('2026-04-04', 'SPX consolidating under ATH; watching for breakout.', 'Paper-trade only, no live entries today.', 'Cut winner too early, left money on table.', 3, 'Stick to the checklist, every time.'),
    ('2026-04-06', 'Choppy range — waiting for cleaner setups.', 'Focus on AAPL and NVDA — avoid forex.', 'Overtraded after early loss, need to stop.', 4, 'Revenge trades always cost double.'),
    ('2026-04-07', 'SPX consolidating under ATH; watching for breakout.', 'Scalp 15m only if volume confirms.', 'Clean execution, trailing stop worked well.', 2, 'Stick to the checklist, every time.'),
    ('2026-04-08', 'Gap-up open on strong Asia session, fade risk.', 'Scalp 15m only if volume confirms.', 'Avoided FOMO entry, proud of the discipline.', 3, 'First hour setup > mid-session chop.'),
    ('2026-04-09', 'Gap-up open on strong Asia session, fade risk.', 'Let winners run past 1.5R, no early exits.', 'Overtraded after early loss, need to stop.', 3, 'Sitting out is a position — no shame in flat.'),
    ('2026-04-10', 'SPX consolidating under ATH; watching for breakout.', 'Let winners run past 1.5R, no early exits.', 'Followed plan, banked one clean winner.', 5, 'First hour setup > mid-session chop.'),
    ('2026-04-13', 'Risk-off tone — treasuries bid, equities soft.', 'Focus on AAPL and NVDA — avoid forex.', 'Followed plan, banked one clean winner.', 3, 'First hour setup > mid-session chop.'),
    ('2026-04-14', 'Choppy range — waiting for cleaner setups.', 'Let winners run past 1.5R, no early exits.', 'Avoided FOMO entry, proud of the discipline.', 3, 'First hour setup > mid-session chop.'),
    ('2026-04-15', 'Risk-off tone — treasuries bid, equities soft.', 'Let winners run past 1.5R, no early exits.', 'Clean execution, trailing stop worked well.', 5, 'Stick to the checklist, every time.');

COMMIT;
